Date,YANG_Close,VIX_Close,Interest_Rate
2020-01-02,628.5525512695312,12.470000267028809,
2020-01-03,668.7813720703125,14.020000457763672,
2020-01-06,659.119384765625,13.850000381469727,
2020-01-07,662.281494140625,13.789999961853027,
2020-01-08,666.3218994140625,13.449999809265137,
2020-01-09,647.1736450195312,12.539999961853027,
2020-01-10,642.4307250976562,12.5600004196167,
2020-01-13,609.931396484375,12.319999694824219,
2020-01-14,628.2012939453125,12.390000343322754,
2020-01-15,636.9848022460938,12.420000076293945,
2020-01-16,625.9174194335938,12.319999694824219,
2020-01-17,617.6609497070312,12.100000381469727,
2020-01-21,702.158935546875,12.850000381469727,
2020-01-22,681.2540283203125,12.90999984741211,
2020-01-23,706.0237426757812,12.979999542236328,
2020-01-24,734.6580810546875,14.5600004196167,
2020-01-27,823.8992919921875,18.229999542236328,
2020-01-28,807.561767578125,16.280000686645508,
2020-01-29,789.8189697265625,16.389999389648438,
2020-01-30,816.8723754882812,15.489999771118164,
2020-01-31,876.9520263671875,18.84000015258789,
2020-02-03,854.2904663085938,17.969999313354492,
2020-02-04,784.5487670898438,16.049999237060547,
2020-02-05,773.8329467773438,15.149999618530273,
2020-02-06,759.0765380859375,14.960000038146973,
2020-02-07,782.7921752929688,15.470000267028809,
2020-02-10,765.9276733398438,15.039999961853027,
2020-02-11,722.5368041992188,15.180000305175781,
2020-02-12,693.3753662109375,13.739999771118164,
2020-02-13,719.7261352539062,14.149999618530273,
2020-02-14,722.0098266601562,13.680000305175781,
2020-02-18,729.2122802734375,14.829999923706055,
2020-02-19,714.2801513671875,14.380000114440918,
2020-02-20,733.428466796875,15.5600004196167,
2020-02-21,737.8201904296875,17.079999923706055,
2020-02-24,812.4805297851562,25.030000686645508,
2020-02-25,837.4259033203125,27.850000381469727,
2020-02-26,802.6430053710938,27.559999465942383,
2020-02-27,818.4534301757812,39.15999984741211,
2020-02-28,804.2240600585938,40.11000061035156,
2020-03-02,780.8597412109375,33.41999816894531,
2020-03-03,795.4404907226562,36.81999969482422,
2020-03-04,769.2655029296875,31.989999771118164,
2020-03-05,778.2246704101562,39.619998931884766,
2020-03-06,827.58837890625,41.939998626708984,
2020-03-09,925.2616577148438,54.459999084472656,
2020-03-10,817.7507934570312,47.29999923706055,
2020-03-11,898.7353515625,53.900001525878906,
2020-03-12,1105.6763916015625,75.47000122070312,
2020-03-13,933.6940307617188,57.83000183105469,
2020-03-16,1176.998779296875,82.69000244140625,
2020-03-17,988.1519775390625,75.91000366210938,
2020-03-18,1140.810546875,76.44999694824219,
2020-03-19,1150.82373046875,72.0,
2020-03-20,1115.865478515625,66.04000091552734,
2020-03-23,1105.85205078125,61.59000015258789,
2020-03-24,884.1044311523438,61.66999816894531,
2020-03-25,844.509765625,63.95000076293945,
2020-03-26,772.5355834960938,61.0,
2020-03-27,903.4618530273438,65.54000091552734,
2020-03-30,810.0182495117188,57.08000183105469,
2020-03-31,798.0519409179688,53.540000915527344,
2020-04-01,895.7188110351562,57.060001373291016,0.05
2020-04-02,794.0045776367188,50.90999984741211,0.05
2020-04-03,819.6970825195312,46.79999923706055,0.05
2020-04-06,738.3961181640625,45.2400016784668,0.05
2020-04-07,742.2676391601562,46.70000076293945,0.05
2020-04-08,740.8597412109375,43.349998474121094,0.05
2020-04-09,752.8260498046875,41.66999816894531,0.05
2020-04-13,752.6502075195312,41.16999816894531,0.05
2020-04-14,716.3991088867188,37.7599983215332,0.05
2020-04-15,765.67236328125,40.84000015258789,0.05
2020-04-16,759.3372192382812,40.11000061035156,0.05
2020-04-17,717.8067626953125,38.150001525878906,0.05
2020-04-20,735.5805053710938,43.83000183105469,0.05
2020-04-21,794.8843994140625,45.40999984741211,0.05
2020-04-22,741.2117309570312,41.97999954223633,0.05
2020-04-23,746.3150634765625,41.380001068115234,0.05
2020-04-24,726.7816772460938,35.93000030517578,0.05
2020-04-27,683.6675415039062,33.290000915527344,0.05
2020-04-28,677.5083618164062,33.56999969482422,0.05
2020-04-29,642.8410034179688,31.229999542236328,0.05
2020-04-30,696.1618041992188,34.150001525878906,0.05
2020-05-01,770.0718383789062,37.189998626708984,0.05
2020-05-04,746.8428344726562,35.970001220703125,0.05
2020-05-05,724.845947265625,33.61000061035156,0.05
2020-05-06,720.974365234375,34.119998931884766,0.05
2020-05-07,711.1196899414062,31.440000534057617,0.05
2020-05-08,664.4860229492188,27.979999542236328,0.05
2020-05-11,672.2290649414062,27.56999969482422,0.05
2020-05-12,687.5390014648438,33.040000915527344,0.05
2020-05-13,683.491455078125,35.279998779296875,0.05
2020-05-14,692.9942016601562,32.61000061035156,0.05
2020-05-15,722.7342529296875,31.889999389648438,0.05
2020-05-18,639.1456298828125,29.299999237060547,0.05
2020-05-19,654.2794189453125,30.530000686645508,0.05
2020-05-20,627.7071533203125,27.989999771118164,0.05
2020-05-21,678.38818359375,29.530000686645508,0.05
2020-05-22,735.9323120117188,28.15999984741211,0.05
2020-05-26,686.4832153320312,28.010000228881836,0.05
2020-05-27,697.5696411132812,27.6200008392334,0.05
2020-05-28,688.4188232421875,28.59000015258789,0.05
2020-05-29,646.1845703125,27.510000228881836,0.05
2020-06-01,611.8692626953125,28.229999542236328,0.08
2020-06-02,576.8499145507812,26.84000015258789,0.08
2020-06-03,549.0457763671875,25.65999984741211,0.08
2020-06-04,571.7466430664062,25.809999465942383,0.08
2020-06-05,532.5040283203125,24.520000457763672,0.08
2020-06-08,540.4229125976562,25.809999465942383,0.08
2020-06-09,546.758056640625,27.56999969482422,0.08
2020-06-10,530.7442016601562,27.56999969482422,0.08
2020-06-11,592.8638305664062,40.790000915527344,0.08
2020-06-12,572.8024291992188,36.09000015258789,0.08
2020-06-15,589.1682739257812,34.400001525878906,0.08
2020-06-16,574.3862915039062,33.66999816894531,0.08
2020-06-17,568.0510864257812,33.470001220703125,0.08
2020-06-18,561.18798828125,32.939998626708984,0.08
2020-06-19,559.2522583007812,35.119998931884766,0.08
2020-06-22,546.9340209960938,31.770000457763672,0.08
2020-06-23,535.8474731445312,31.3700008392334,0.08
2020-06-24,550.62939453125,33.84000015258789,0.08
2020-06-25,547.8139038085938,32.220001220703125,0.08
2020-06-26,561.18798828125,34.72999954223633,0.08
2020-06-29,569.4588623046875,31.780000686645508,0.08
2020-06-30,584.5929565429688,30.43000030517578,0.08
2020-07-01,566.1153564453125,28.6200008392334,0.09
2020-07-02,509.09918212890625,27.68000030517578,0.09
2020-07-06,368.1421813964844,27.940000534057617,0.09
2020-07-07,393.4827575683594,29.43000030517578,0.09
2020-07-08,357.231689453125,28.079999923706055,0.09
2020-07-09,363.9187927246094,29.260000228881836,0.09
2020-07-10,379.7565612792969,27.290000915527344,0.09
2020-07-13,392.95477294921875,32.189998626708984,0.09
2020-07-14,402.2815856933594,29.520000457763672,0.09
2020-07-15,407.0329284667969,27.760000228881836,0.09
2020-07-16,435.8930358886719,28.0,0.09
2020-07-17,433.25335693359375,25.68000030517578,0.09
2020-07-20,416.18365478515625,24.459999084472656,0.09
2020-07-21,409.8485412597656,24.84000015258789,0.09
2020-07-22,429.2059326171875,24.31999969482422,0.09
2020-07-23,437.1248779296875,26.079999923706055,0.09
2020-07-24,448.035400390625,25.84000015258789,0.09
2020-07-27,451.7309265136719,24.739999771118164,0.09
2020-07-28,461.93756103515625,25.440000534057617,0.09
2020-07-29,441.17230224609375,24.100000381469727,0.09
2020-07-30,454.72247314453125,24.760000228881836,0.09
2020-07-31,468.0966796875,24.459999084472656,0.09
2020-08-03,454.1944885253906,24.280000686645508,0.09
2020-08-04,421.2869567871094,23.760000228881836,0.09
2020-08-05,421.4629821777344,22.989999771118164,0.09
2020-08-06,419.7032470703125,22.649999618530273,0.09
2020-08-07,445.04376220703125,22.209999084472656,0.09
2020-08-10,435.7170715332031,22.1299991607666,0.09
2020-08-11,435.7170715332031,24.030000686645508,0.09
2020-08-12,417.0635681152344,22.280000686645508,0.09
2020-08-13,419.7032470703125,22.1299991607666,0.09
2020-08-14,413.54400634765625,22.049999237060547,0.09
2020-08-17,389.7872314453125,21.350000381469727,0.09
2020-08-18,386.4437255859375,21.510000228881836,0.09
2020-08-19,397.7061767578125,22.540000915527344,0.09
2020-08-20,392.25091552734375,22.719999313354492,0.09
2020-08-21,382.5722351074219,22.540000915527344,0.09
2020-08-24,369.5499572753906,22.3700008392334,0.09
2020-08-25,365.1506042480469,22.030000686645508,0.09
2020-08-26,366.5584411621094,23.270000457763672,0.09
2020-08-27,368.84613037109375,24.469999313354492,0.09
2020-08-28,359.5193786621094,22.959999084472656,0.09
2020-08-31,385.91571044921875,26.40999984741211,0.09
2020-09-01,370.957763671875,26.1200008392334,0.09
2020-09-02,374.12542724609375,26.56999969482422,0.09
2020-09-03,397.7061767578125,33.599998474121094,0.09
2020-09-04,393.30670166015625,30.75,0.09
2020-09-08,417.41552734375,31.459999084472656,0.09
2020-09-09,407.912841796875,28.809999465942383,0.09
2020-09-10,433.4292907714844,29.709999084472656,0.09
2020-09-11,420.58306884765625,26.8700008392334,0.09
2020-09-14,411.7843017578125,25.850000381469727,0.09
2020-09-15,401.7536926269531,25.59000015258789,0.09
2020-09-16,403.6893310546875,26.040000915527344,0.09
2020-09-17,413.7200012207031,26.459999084472656,0.09
2020-09-18,412.1362609863281,25.829999923706055,0.09
2020-09-21,423.22271728515625,27.780000686645508,0.09
2020-09-22,433.957275390625,26.860000610351562,0.09
2020-09-23,446.45159912109375,28.579999923706055,0.09
2020-09-24,464.401123046875,28.510000228881836,0.09
2020-09-25,478.1273498535156,26.3799991607666,0.09
2020-09-28,454.89849853515625,26.190000534057617,0.09
2020-09-29,461.0576171875,26.270000457763672,0.09
2020-09-30,433.4292907714844,26.3700008392334,0.09
2020-10-01,417.41552734375,26.700000762939453,0.09
2020-10-02,431.4936218261719,27.6299991607666,0.09
2020-10-05,425.86236572265625,27.959999084472656,0.09
2020-10-06,417.59149169921875,29.479999542236328,0.09
2020-10-07,404.393310546875,28.059999465942383,0.09
2020-10-08,397.8822021484375,26.360000610351562,0.09
2020-10-09,395.2425231933594,25.0,0.09
2020-10-12,364.4467468261719,25.06999969482422,0.09
2020-10-13,364.974609375,26.06999969482422,0.09
2020-10-14,378.7007751464844,26.399999618530273,0.09
2020-10-15,387.4995422363281,26.969999313354492,0.09
2020-10-16,370.7818603515625,27.40999984741211,0.09
2020-10-19,370.42987060546875,29.18000030517578,0.09
2020-10-20,366.2064514160156,29.350000381469727,0.09
2020-10-21,356.52777099609375,28.649999618530273,0.09
2020-10-22,348.4328308105469,28.110000610351562,0.09
2020-10-23,344.38543701171875,27.549999237060547,0.09
2020-10-26,354.0640869140625,32.459999084472656,0.09
2020-10-27,352.832275390625,33.349998474121094,0.09
2020-10-28,374.3013916015625,40.279998779296875,0.09
2020-10-29,358.28753662109375,37.59000015258789,0.09
2020-10-30,367.43829345703125,38.02000045776367,0.09
2020-11-02,345.793212890625,37.130001068115234,0.09
2020-11-03,343.32958984375,35.54999923706055,0.09
2020-11-04,301.09521484375,29.56999969482422,0.09
2020-11-05,286.4892578125,27.579999923706055,0.09
2020-11-06,286.3132629394531,24.860000610351562,0.09
2020-11-09,277.3384704589844,25.75,0.09
2020-11-10,295.4640197753906,24.799999237060547,0.09
2020-11-11,286.4892578125,23.450000762939453,0.09
2020-11-12,296.6958923339844,25.350000381469727,0.09
2020-11-13,288.9529113769531,23.100000381469727,0.09
2020-11-16,284.5534362792969,22.450000762939453,0.09
2020-11-17,289.6568298339844,22.709999084472656,0.09
2020-11-18,294.0562438964844,23.84000015258789,0.09
2020-11-19,294.93609619140625,23.110000610351562,0.09
2020-11-20,289.4808654785156,23.700000762939453,0.09
2020-11-23,291.7685241699219,22.65999984741211,0.09
2020-11-24,287.36907958984375,21.639999389648438,0.09
2020-11-25,291.41656494140625,21.25,0.09
2020-11-27,267.83575439453125,20.84000015258789,0.09
2020-11-30,291.41656494140625,20.56999969482422,0.09
2020-12-01,283.1456604003906,20.770000457763672,0.09
2020-12-02,288.7768859863281,21.170000076293945,0.09
2020-12-03,288.7768859863281,21.280000686645508,0.09
2020-12-04,288.4249572753906,20.790000915527344,0.09
2020-12-07,296.3439025878906,21.299999237060547,0.09
2020-12-08,298.8075866699219,20.68000030517578,0.09
2020-12-09,309.8940124511719,22.270000457763672,0.09
2020-12-10,298.4555969238281,22.520000457763672,0.09
2020-12-11,306.1985778808594,23.309999465942383,0.09
2020-12-14,307.6063232421875,24.719999313354492,0.09
2020-12-15,304.9666748046875,22.889999389648438,0.09
2020-12-16,304.0868225097656,22.5,0.09
2020-12-17,298.1036376953125,21.93000030517578,0.09
2020-12-18,299.33551025390625,21.56999969482422,0.09
2020-12-21,306.9024353027344,25.15999984741211,0.09
2020-12-22,309.5420837402344,24.229999542236328,0.09
2020-12-23,301.7991943359375,23.309999465942383,0.09
2020-12-24,316.0532531738281,21.530000686645508,0.09
2020-12-28,314.6454772949219,21.700000762939453,0.09
2020-12-29,301.09521484375,23.079999923706055,0.09
2020-12-30,287.5451354980469,22.770000457763672,0.09
2020-12-31,283.3216857910156,22.75,0.09
2021-01-04,286.3132629394531,26.969999313354492,0.09
2021-01-05,262.5564880371094,25.34000015258789,0.09
2021-01-06,271.1793212890625,25.06999969482422,0.09
2021-01-07,265.9000549316406,22.3700008392334,0.09
2021-01-08,248.830322265625,21.559999465942383,0.09
2021-01-11,259.21295166015625,24.079999923706055,0.09
2021-01-12,249.35824584960938,23.329999923706055,0.09
2021-01-13,246.3666534423828,22.209999084472656,0.09
2021-01-14,243.37506103515625,23.25,0.09
2021-01-15,243.72706604003906,24.34000015258789,0.09
2021-01-19,212.05130004882812,23.239999771118164,0.09
2021-01-20,192.6939239501953,21.579999923706055,0.09
2021-01-21,195.509521484375,21.31999969482422,0.09
2021-01-22,198.85308837890625,21.90999984741211,0.09
2021-01-25,185.12693786621094,23.190000534057617,0.09
2021-01-26,190.7582244873047,23.020000457763672,0.09
2021-01-27,210.8194580078125,37.209999084472656,0.09
2021-01-28,210.46749877929688,30.209999084472656,0.09
2021-01-29,224.54562377929688,33.09000015258789,0.09
2021-02-01,206.59603881835938,30.239999771118164,0.08
2021-02-02,197.26931762695312,25.559999465942383,0.08
2021-02-03,196.03749084472656,22.90999984741211,0.08
2021-02-04,199.02906799316406,21.770000457763672,0.08
2021-02-05,194.27769470214844,20.8700008392334,0.08
2021-02-08,195.68553161621094,21.239999771118164,0.08
2021-02-09,188.47048950195312,21.6299991607666,0.08
2021-02-10,182.8392333984375,21.989999771118164,0.08
2021-02-11,173.33656311035156,21.25,0.08
2021-02-12,173.33656311035156,19.969999313354492,0.08
2021-02-16,173.1605987548828,21.459999084472656,0.08
2021-02-17,165.41763305664062,21.5,0.08
2021-02-18,176.50408935546875,22.489999771118164,0.08
2021-02-19,172.63262939453125,22.049999237060547,0.08
2021-02-22,190.7582244873047,23.450000762939453,0.08
2021-02-23,188.1185760498047,23.110000610351562,0.08
2021-02-24,201.4927520751953,21.34000015258789,0.08
2021-02-25,211.17141723632812,28.889999389648438,0.08
2021-02-26,222.08193969726562,27.950000762939453,0.08
2021-03-01,203.2525177001953,23.350000381469727,0.07
2021-03-02,216.09878540039062,24.100000381469727,0.07
2021-03-03,210.46749877929688,26.670000076293945,0.07
2021-03-04,228.94505310058594,28.56999969482422,0.07
2021-03-05,221.3780517578125,24.65999984741211,0.07
2021-03-08,244.95884704589844,25.469999313354492,0.07
2021-03-09,228.06515502929688,24.030000686645508,0.07
2021-03-10,233.69638061523438,22.559999465942383,0.07
2021-03-11,208.707763671875,21.90999984741211,0.07
2021-03-12,226.12940979003906,20.690000534057617,0.07
2021-03-15,227.53721618652344,20.030000686645508,0.07
2021-03-16,220.49819946289062,19.790000915527344,0.07
2021-03-17,220.85009765625,19.229999542236328,0.07
2021-03-18,227.53721618652344,21.579999923706055,0.07
2021-03-19,227.88916015625,20.950000762939453,0.07
2021-03-22,227.71316528320312,18.8799991607666,0.07
2021-03-23,243.37506103515625,20.299999237060547,0.07
2021-03-24,270.47540283203125,21.200000762939453,0.07
2021-03-25,266.60394287109375,19.809999465942383,0.07
2021-03-26,243.19908142089844,18.860000610351562,0.07
2021-03-29,248.12644958496094,20.739999771118164,0.07
2021-03-30,244.43093872070312,19.610000610351562,0.07
2021-03-31,241.96725463867188,19.399999618530273,0.07
2021-04-01,230.88075256347656,17.329999923706055,0.07
2021-04-05,229.64892578125,17.90999984741211,0.07
2021-04-06,227.18527221679688,18.1200008392334,0.07
2021-04-07,244.43093872070312,17.15999984741211,0.07
2021-04-08,233.69638061523438,16.950000762939453,0.07
2021-04-09,244.2549285888672,16.690000534057617,0.07
2021-04-12,243.37506103515625,16.90999984741211,0.07
2021-04-13,244.78289794921875,16.649999618530273,0.07
2021-04-14,241.96725463867188,16.989999771118164,0.07
2021-04-15,240.3834991455078,16.56999969482422,0.07
2021-04-16,236.16001892089844,16.25,0.07
2021-04-19,237.56784057617188,17.290000915527344,0.07
2021-04-20,239.6795654296875,18.68000030517578,0.07
2021-04-21,238.09579467773438,17.5,0.07
2021-04-22,235.98410034179688,18.709999084472656,0.07
2021-04-23,225.77745056152344,17.329999923706055,0.07
2021-04-26,237.56784057617188,17.639999389648438,0.07
2021-04-27,234.4002685546875,17.559999465942383,0.07
2021-04-28,230.52880859375,17.280000686645508,0.07
2021-04-29,231.58465576171875,17.610000610351562,0.07
2021-04-30,245.48675537109375,18.610000610351562,0.07
2021-05-03,249.00625610351562,18.309999465942383,0.07
2021-05-04,256.749267578125,19.479999542236328,0.07
2021-05-05,253.05380249023438,19.149999618530273,0.07
2021-05-06,250.41412353515625,18.389999389648438,0.07
2021-05-07,249.00625610351562,16.690000534057617,0.07
2021-05-10,269.77142333984375,19.65999984741211,0.07
2021-05-11,269.4195251464844,21.84000015258789,0.07
2021-05-12,280.1540832519531,27.59000015258789,0.07
2021-05-13,292.12042236328125,23.1299991607666,0.07
2021-05-14,277.1625061035156,18.809999465942383,0.07
2021-05-17,270.6513977050781,19.719999313354492,0.07
2021-05-18,263.7882995605469,21.34000015258789,0.07
2021-05-19,261.3246765136719,22.18000030517578,0.07
2021-05-20,253.58169555664062,20.670000076293945,0.07
2021-05-21,260.97271728515625,20.149999618530273,0.07
2021-05-24,262.0285339355469,18.399999618530273,0.07
2021-05-25,242.31922912597656,18.84000015258789,0.07
2021-05-26,238.4477081298828,17.360000610351562,0.07
2021-05-27,239.5035858154297,16.739999771118164,0.07
2021-05-28,242.31922912597656,16.760000228881836,0.07
2021-06-01,221.3780517578125,17.899999618530273,0.08
2021-06-02,225.60145568847656,17.479999542236328,0.08
2021-06-03,238.79965209960938,18.040000915527344,0.08
2021-06-04,231.40869140625,16.420000076293945,0.08
2021-06-07,237.91986083984375,16.420000076293945,0.08
2021-06-08,241.791259765625,17.06999969482422,0.08
2021-06-09,241.43931579589844,17.889999389648438,0.08
2021-06-10,237.56784057617188,16.100000381469727,0.08
2021-06-11,239.6795654296875,15.649999618530273,0.08
2021-06-14,236.51194763183594,16.389999389648438,0.08
2021-06-15,247.59848022460938,17.020000457763672,0.08
2021-06-16,259.3888854980469,18.149999618530273,0.08
2021-06-17,247.59848022460938,17.75,0.08
2021-06-18,246.71859741210938,20.700000762939453,0.08
2021-06-21,246.89459228515625,17.889999389648438,0.08
2021-06-22,252.87782287597656,16.65999984741211,0.08
2021-06-23,243.02313232421875,16.31999969482422,0.08
2021-06-24,235.8080596923828,15.970000267028809,0.08
2021-06-25,221.90594482421875,15.619999885559082,0.08
2021-06-28,219.97024536132812,15.760000228881836,0.08
2021-06-29,225.24951171875,16.020000457763672,0.08
2021-06-30,233.16842651367188,15.829999923706055,0.08
2021-07-01,236.51194763183594,15.479999542236328,0.1
2021-07-02,244.78289794921875,15.069999694824219,0.1
2021-07-06,265.1960754394531,16.440000534057617,0.1
2021-07-07,264.668212890625,16.200000762939453,0.1
2021-07-08,289.4808654785156,19.0,0.1
2021-07-09,264.668212890625,16.18000030517578,0.1
2021-07-12,267.1318664550781,16.170000076293945,0.1
2021-07-13,258.3330993652344,17.1200008392334,0.1
2021-07-14,260.97271728515625,16.329999923706055,0.1
2021-07-15,254.28555297851562,17.010000228881836,0.1
2021-07-16,257.9810485839844,18.450000762939453,0.1
2021-07-19,268.7156982421875,22.5,0.1
2021-07-20,274.1708984375,19.729999542236328,0.1
2021-07-21,271.0033874511719,17.90999984741211,0.1
2021-07-22,267.83575439453125,17.690000534057617,0.1
2021-07-23,288.6009521484375,17.200000762939453,0.1
2021-07-26,333.6508483886719,17.579999923706055,0.1
2021-07-27,366.91033935546875,19.360000610351562,0.1
2021-07-28,300.9192810058594,18.309999465942383,0.1
2021-07-29,314.11749267578125,17.700000762939453,0.1
2021-07-30,323.4441833496094,18.239999771118164,0.1
2021-08-02,309.0141906738281,19.459999084472656,0.1
2021-08-03,316.4051818847656,18.040000915527344,0.1
2021-08-04,303.3829345703125,17.969999313354492,0.1
2021-08-05,313.41357421875,17.280000686645508,0.1
2021-08-06,324.5,16.149999618530273,0.1
2021-08-09,306.5505065917969,16.719999313354492,0.1
2021-08-10,296.51983642578125,16.790000915527344,0.1
2021-08-11,288.6009521484375,16.170000076293945,0.1
2021-08-12,301.44720458984375,15.59000015258789,0.1
2021-08-13,301.44720458984375,15.449999809265137,0.1
2021-08-16,315.87725830078125,16.1200008392334,0.1
2021-08-17,343.153564453125,17.90999984741211,0.1
2021-08-18,335.4106750488281,21.56999969482422,0.1
2021-08-19,355.11993408203125,21.670000076293945,0.1
2021-08-20,364.62261962890625,18.559999465942383,0.1
2021-08-23,344.0334167480469,17.149999618530273,0.1
2021-08-24,307.4303894042969,17.219999313354492,0.1
2021-08-25,315.17340087890625,16.790000915527344,0.1
2021-08-26,330.4832458496094,18.84000015258789,0.1
2021-08-27,322.38836669921875,16.389999389648438,0.1
2021-08-30,320.2766418457031,16.190000534057617,0.1
2021-08-31,302.6790466308594,16.479999542236328,0.1
2021-09-01,282.4418029785156,16.110000610351562,0.08
2021-09-02,290.712646484375,16.40999984741211,0.08
2021-09-03,290.712646484375,16.40999984741211,0.08
2021-09-07,269.5954895019531,18.139999389648438,0.08
2021-09-08,278.39434814453125,17.959999084472656,0.08
2021-09-09,285.9612731933594,18.799999237060547,0.08
2021-09-10,286.8411865234375,20.950000762939453,0.08
2021-09-13,288.4249572753906,19.3700008392334,0.08
2021-09-14,308.4862365722656,19.459999084472656,0.08
2021-09-15,315.17340087890625,18.18000030517578,0.08
2021-09-16,328.37158203125,18.690000534057617,0.08
2021-09-17,322.91632080078125,20.809999465942383,0.08
2021-09-20,361.27911376953125,25.709999084472656,0.08
2021-09-21,351.6004638671875,24.360000610351562,0.08
2021-09-22,330.1313781738281,20.8700008392334,0.08
2021-09-23,337.8742980957031,18.6299991607666,0.08
2021-09-24,360.7511901855469,17.75,0.08
2021-09-27,344.73736572265625,18.760000228881836,0.08
2021-09-28,342.9775695800781,23.25,0.08
2021-09-29,351.072509765625,22.559999465942383,0.08
2021-09-30,339.63397216796875,23.139999389648438,0.08
2021-10-01,350.72052001953125,21.100000381469727,0.08
2021-10-04,374.12542724609375,22.959999084472656,0.08
2021-10-05,359.3434143066406,21.299999237060547,0.08
2021-10-06,363.7428283691406,21.0,0.08
2021-10-07,318.16497802734375,19.540000915527344,0.08
2021-10-08,310.070068359375,18.770000457763672,0.08
2021-10-11,310.5979919433594,20.0,0.08
2021-10-12,315.87725830078125,19.850000381469727,0.08
2021-10-13,296.6958923339844,18.639999389648438,0.08
2021-10-14,301.44720458984375,16.860000610351562,0.08
2021-10-15,291.2405700683594,16.299999237060547,0.08
2021-10-18,286.6651916503906,16.309999465942383,0.08
2021-10-19,263.2604064941406,15.699999809265137,0.08
2021-10-20,260.0928039550781,15.489999771118164,0.08
2021-10-21,261.67657470703125,15.010000228881836,0.08
2021-10-22,260.97271728515625,15.430000305175781,0.08
2021-10-25,258.68499755859375,15.239999771118164,0.08
2021-10-26,274.1708984375,15.979999542236328,0.08
2021-10-27,282.9696960449219,16.979999542236328,0.08
2021-10-28,281.0339660644531,16.530000686645508,0.08
2021-10-29,296.51983642578125,16.260000228881836,0.08
2021-11-01,280.1540832519531,16.40999984741211,0.08
2021-11-02,303.2070007324219,16.030000686645508,0.08
2021-11-03,296.16790771484375,15.100000381469727,0.08
2021-11-04,300.391357421875,15.4399995803833,0.08
2021-11-05,316.75714111328125,16.479999542236328,0.08
2021-11-08,306.0225830078125,17.219999313354492,0.08
2021-11-09,313.2376403808594,17.780000686645508,0.08
2021-11-10,304.6147766113281,18.729999542236328,0.08
2021-11-11,269.24359130859375,17.65999984741211,0.08
2021-11-12,268.18768310546875,16.290000915527344,0.08
2021-11-15,273.11505126953125,16.489999771118164,0.08
2021-11-16,264.31622314453125,16.3700008392334,0.08
2021-11-17,272.9390869140625,17.110000610351562,0.08
2021-11-18,290.712646484375,17.59000015258789,0.08
2021-11-19,285.9612731933594,17.90999984741211,0.08
2021-11-22,296.3439025878906,19.170000076293945,0.08
2021-11-23,300.7432861328125,19.3799991607666,0.08
2021-11-24,298.2796630859375,18.579999923706055,0.08
2021-11-26,323.4441833496094,28.6200008392334,0.08
2021-11-29,332.2430114746094,22.959999084472656,0.08
2021-11-30,337.69830322265625,27.190000534057617,0.08
2021-12-01,340.1619567871094,31.1200008392334,0.08
2021-12-02,334.00286865234375,27.950000762939453,0.08
2021-12-03,356.7037353515625,30.670000076293945,0.08
2021-12-06,336.1145324707031,27.18000030517578,0.08
2021-12-07,322.38836669921875,21.889999389648438,0.08
2021-12-08,318.5169372558594,19.899999618530273,0.08
2021-12-09,319.2207946777344,21.579999923706055,0.08
2021-12-10,317.989013671875,18.690000534057617,0.08
2021-12-13,335.2345886230469,20.309999465942383,0.08
2021-12-14,336.6424255371094,21.889999389648438,0.08
2021-12-15,365.1506042480469,19.290000915527344,0.08
2021-12-16,361.8070373535156,20.56999969482422,0.08
2021-12-17,373.94940185546875,21.56999969482422,0.08
2021-12-20,398.5860595703125,22.8700008392334,0.08
2021-12-21,361.4550476074219,21.010000228881836,0.08
2021-12-22,364.62261962890625,18.6299991607666,0.08
2021-12-23,362.6869812011719,17.959999084472656,0.08
2021-12-27,364.7986145019531,17.68000030517578,0.08
2021-12-28,376.94097900390625,17.540000915527344,0.08
2021-12-29,389.9632263183594,16.950000762939453,0.08
2021-12-30,347.72894287109375,17.329999923706055,0.08
2021-12-31,356.7037353515625,17.219999313354492,0.08
2022-01-03,360.2231750488281,16.600000381469727,0.08
2022-01-04,379.5806579589844,16.90999984741211,0.08
2022-01-05,400.8737487792969,19.729999542236328,0.08
2022-01-06,378.87677001953125,19.610000610351562,0.08
2022-01-07,355.6478576660156,18.760000228881836,0.08
2022-01-10,354.4159851074219,19.399999618530273,0.08
2022-01-11,320.8045959472656,18.40999984741211,0.08
2022-01-12,299.86346435546875,17.6200008392334,0.08
2022-01-13,320.45263671875,20.309999465942383,0.08
2022-01-14,310.4220275878906,19.190000534057617,0.08
2022-01-18,320.45263671875,22.790000915527344,0.08
2022-01-19,316.9331359863281,23.850000381469727,0.08
2022-01-20,288.07305908203125,25.59000015258789,0.08
2022-01-21,304.7907409667969,28.850000381469727,0.08
2022-01-24,318.3409118652344,29.899999618530273,0.08
2022-01-25,316.9331359863281,31.15999984741211,0.08
2022-01-26,335.58660888671875,31.959999084472656,0.08
2022-01-27,354.2401123046875,30.489999771118164,0.08
2022-01-28,357.75958251953125,27.65999984741211,0.08
2022-01-31,305.670654296875,24.829999923706055,0.08
2022-02-01,300.7432861328125,21.959999084472656,0.08
2022-02-02,308.13433837890625,22.09000015258789,0.08
2022-02-03,310.77398681640625,24.350000381469727,0.08
2022-02-04,304.2628173828125,23.219999313354492,0.08
2022-02-07,309.0141906738281,22.860000610351562,0.08
2022-02-08,301.7991943359375,21.440000534057617,0.08
2022-02-09,284.72943115234375,19.959999084472656,0.08
2022-02-10,295.8159484863281,23.90999984741211,0.08
2022-02-11,310.94989013671875,27.360000610351562,0.08
2022-02-14,318.8688049316406,28.329999923706055,0.08
2022-02-15,305.1427307128906,25.700000762939453,0.08
2022-02-16,300.391357421875,24.290000915527344,0.08
2022-02-17,306.7265319824219,28.110000610351562,0.08
2022-02-18,332.2430114746094,27.75,0.08
2022-02-22,359.1673583984375,28.809999465942383,0.08
2022-02-23,371.309814453125,31.020000457763672,0.08
2022-02-24,377.64495849609375,30.31999969482422,0.08
2022-02-25,374.6533203125,27.59000015258789,0.08
2022-02-28,385.91571044921875,30.149999618530273,0.08
2022-03-01,387.3236389160156,33.31999969482422,0.2
2022-03-02,395.77044677734375,30.739999771118164,0.2
2022-03-03,425.5104064941406,30.479999542236328,0.2
2022-03-04,453.138671875,31.979999542236328,0.2
2022-03-07,505.22772216796875,36.45000076293945,0.2
2022-03-08,525.9928588867188,35.130001068115234,0.2
2022-03-09,500.30035400390625,32.45000076293945,0.2
2022-03-10,567.69921875,30.229999542236328,0.2
2022-03-11,637.2097778320312,30.75,0.2
2022-03-14,769.0160522460938,31.770000457763672,0.2
2022-03-15,772.7115478515625,29.829999923706055,0.2
2022-03-16,285.0814514160156,26.670000076293945,0.2
2022-03-17,314.46942138671875,25.670000076293945,0.2
2022-03-18,268.8916015625,23.8700008392334,0.2
2022-03-21,300.391357421875,23.530000686645508,0.2
2022-03-22,262.9084167480469,22.940000534057617,0.2
2022-03-23,266.25201416015625,23.56999969482422,0.2
2022-03-24,274.34686279296875,21.670000076293945,0.2
2022-03-25,286.6651916503906,20.809999465942383,0.2
2022-03-28,273.99493408203125,19.6299991607666,0.2
2022-03-29,256.39727783203125,18.899999618530273,0.2
2022-03-30,259.9168701171875,19.329999923706055,0.2
2022-03-31,288.07305908203125,20.559999465942383,0.2
2022-04-01,254.989501953125,19.6299991607666,0.33
2022-04-04,228.94505310058594,18.56999969482422,0.33
2022-04-05,246.71859741210938,21.030000686645508,0.33
2022-04-06,262.3804931640625,22.100000381469727,0.33
2022-04-07,273.291015625,21.549999237060547,0.33
2022-04-08,272.5871276855469,21.15999984741211,0.33
2022-04-11,291.592529296875,24.3700008392334,0.33
2022-04-12,295.112060546875,24.260000228881836,0.33
2022-04-13,278.21832275390625,21.81999969482422,0.33
2022-04-14,287.5451354980469,22.700000762939453,0.33
2022-04-18,295.8159484863281,22.170000076293945,0.33
2022-04-19,304.2628173828125,21.3700008392334,0.33
2022-04-20,330.83526611328125,20.31999969482422,0.33
2022-04-21,361.1031799316406,22.68000030517578,0.33
2022-04-22,351.4244384765625,28.209999084472656,0.33
2022-04-25,362.3349609375,27.020000457763672,0.33
2022-04-26,386.2677917480469,33.52000045776367,0.33
2022-04-27,349.6646728515625,31.600000381469727,0.33
2022-04-28,339.4580383300781,29.989999771118164,0.33
2022-04-29,297.5757141113281,33.400001525878906,0.33
2022-05-02,294.76007080078125,32.34000015258789,0.33
2022-05-03,281.7379455566406,29.25,0.33
2022-05-04,278.0423889160156,25.420000076293945,0.33
2022-05-05,320.8045959472656,31.200000762939453,0.33
2022-05-06,350.72052001953125,30.190000534057617,0.33
2022-05-09,390.315185546875,34.75,0.33
2022-05-10,376.0611267089844,32.9900016784668,0.33
2022-05-11,376.2371520996094,32.560001373291016,0.33
2022-05-12,375.70916748046875,31.770000457763672,0.33
2022-05-13,325.0279846191406,28.8700008392334,0.33
2022-05-16,327.13970947265625,27.469999313354492,0.33
2022-05-17,296.6958923339844,26.100000381469727,0.33
2022-05-18,321.6844787597656,30.959999084472656,0.33
2022-05-19,300.0393981933594,29.350000381469727,0.33
2022-05-20,295.9919738769531,29.43000030517578,0.33
2022-05-23,298.6316223144531,28.479999542236328,0.33
2022-05-24,331.0111999511719,29.450000762939453,0.33
2022-05-25,318.8688049316406,28.3700008392334,0.33
2022-05-26,282.6177978515625,27.5,0.33
2022-05-27,276.634521484375,25.719999313354492,0.33
2022-05-31,252.52581787109375,26.190000534057617,0.33
2022-06-01,260.0928039550781,25.690000534057617,1.21
2022-06-02,237.3918914794922,24.719999313354492,1.21
2022-06-03,249.18231201171875,24.790000915527344,1.21
2022-06-06,229.4729766845703,25.06999969482422,1.21
2022-06-07,218.56243896484375,24.020000457763672,1.21
2022-06-08,200.43687438964844,23.959999084472656,1.21
2022-06-09,223.66574096679688,26.09000015258789,1.21
2022-06-10,223.1377716064453,27.75,1.21
2022-06-13,252.34983825683594,34.02000045776367,1.21
2022-06-14,228.76902770996094,32.689998626708984,1.21
2022-06-15,215.04286193847656,29.6200008392334,1.21
2022-06-16,239.6795654296875,32.95000076293945,1.21
2022-06-17,226.83328247070312,31.1299991607666,1.21
2022-06-21,209.58766174316406,30.190000534057617,1.21
2022-06-22,221.3780517578125,28.950000762939453,1.21
2022-06-23,211.69937133789062,29.049999237060547,1.21
2022-06-24,193.92575073242188,27.229999542236328,1.21
2022-06-27,190.05429077148438,26.950000762939453,1.21
2022-06-28,189.17437744140625,28.360000610351562,1.21
2022-06-29,191.8140411376953,28.15999984741211,1.21
2022-06-30,192.6939239501953,28.709999084472656,1.21
2022-07-01,191.9900360107422,26.700000762939453,1.68
2022-07-05,194.4536895751953,27.540000915527344,1.68
2022-07-06,202.54856872558594,26.729999542236328,1.68
2022-07-07,189.17437744140625,26.079999923706055,1.68
2022-07-08,196.56541442871094,24.639999389648438,1.68
2022-07-11,222.4339141845703,26.170000076293945,1.68
2022-07-12,226.65736389160156,27.290000915527344,1.68
2022-07-13,230.88075256347656,26.81999969482422,1.68
2022-07-14,241.43931579589844,26.399999618530273,1.68
2022-07-15,247.24655151367188,24.229999542236328,1.68
2022-07-18,232.99244689941406,25.299999237060547,1.68
2022-07-19,225.60145568847656,24.5,1.68
2022-07-20,230.00086975097656,23.8799991607666,1.68
2022-07-21,225.07354736328125,23.110000610351562,1.68
2022-07-22,239.85556030273438,23.030000686645508,1.68
2022-07-25,234.2242889404297,23.360000610351562,1.68
2022-07-26,236.51194763183594,24.690000534057617,1.68
2022-07-27,228.4170684814453,23.239999771118164,1.68
2022-07-28,237.74380493164062,22.329999923706055,1.68
2022-07-29,260.0928039550781,21.329999923706055,1.68
2022-08-01,270.6513977050781,22.84000015258789,2.33
2022-08-02,276.2825622558594,23.93000030517578,2.33
2022-08-03,269.947509765625,21.950000762939453,2.33
2022-08-04,257.8051452636719,21.440000534057617,2.33
2022-08-05,265.9000549316406,21.149999618530273,2.33
2022-08-08,273.291015625,21.290000915527344,2.33
2022-08-09,278.39434814453125,21.770000457763672,2.33
2022-08-10,282.79376220703125,19.739999771118164,2.33
2022-08-11,267.3078308105469,20.200000762939453,2.33
2022-08-12,263.43634033203125,19.530000686645508,2.33
2022-08-15,267.1318664550781,19.950000762939453,2.33
2022-08-16,276.8105773925781,19.690000534057617,2.33
2022-08-17,278.39434814453125,19.899999618530273,2.33
2022-08-18,287.8970642089844,19.559999465942383,2.33
2022-08-19,292.472412109375,20.600000381469727,2.33
2022-08-22,286.1372985839844,23.799999237060547,2.33
2022-08-23,287.5451354980469,24.110000610351562,2.33
2022-08-24,283.6736145019531,22.81999969482422,2.33
2022-08-25,241.96725463867188,21.780000686645508,2.33
2022-08-26,247.950439453125,25.559999465942383,2.33
2022-08-29,254.6374969482422,26.209999084472656,2.33
2022-08-30,274.8748474121094,26.209999084472656,2.33
2022-08-31,258.1570739746094,25.8700008392334,2.33
2022-09-01,266.60394287109375,25.559999465942383,2.56
2022-09-02,283.1456604003906,25.469999313354492,2.56
2022-09-06,300.0393981933594,26.90999984741211,2.56
2022-09-07,287.8970642089844,24.639999389648438,2.56
2022-09-08,299.51141357421875,23.610000610351562,2.56
2022-09-09,278.74627685546875,22.790000915527344,2.56
2022-09-12,266.955810546875,23.8700008392334,2.56
2022-09-13,301.44720458984375,27.270000457763672,2.56
2022-09-14,301.2712707519531,26.15999984741211,2.56
2022-09-15,303.910888671875,26.270000457763672,2.56
2022-09-16,318.8688049316406,26.299999237060547,2.56
2022-09-19,315.17340087890625,25.760000228881836,2.56
2022-09-20,322.03643798828125,27.15999984741211,2.56
2022-09-21,348.60882568359375,27.989999771118164,2.56
2022-09-22,353.53619384765625,27.350000381469727,2.56
2022-09-23,367.9661560058594,29.920000076293945,2.56
2022-09-26,361.6310729980469,32.2599983215332,2.56
2022-09-27,373.06951904296875,32.599998474121094,2.56
2022-09-28,360.3992919921875,30.18000030517578,2.56
2022-09-29,394.53863525390625,31.84000015258789,2.56
2022-09-30,399.9939270019531,31.6200008392334,2.56
2022-10-03,394.714599609375,30.100000381469727,2.56
2022-10-04,345.9692077636719,29.06999969482422,2.56
2022-10-05,339.4580383300781,28.549999237060547,2.56
2022-10-06,348.4328308105469,30.520000457763672,2.56
2022-10-07,372.3656311035156,31.360000610351562,2.56
2022-10-10,407.0329284667969,32.45000076293945,2.56
2022-10-11,439.94049072265625,33.630001068115234,2.56
2022-10-12,447.8594055175781,33.56999969482422,2.56
2022-10-13,457.8901062011719,31.940000534057617,2.56
2022-10-14,479.71112060546875,32.02000045776367,2.56
2022-10-17,436.2449645996094,31.3700008392334,2.56
2022-10-18,445.2197265625,30.5,2.56
2022-10-19,502.58795166015625,30.760000228881836,2.56
2022-10-20,495.7249450683594,29.979999542236328,2.56
2022-10-21,487.6300354003906,29.690000534057617,2.56
2022-10-24,632.45849609375,29.850000381469727,2.56
2022-10-25,597.6151733398438,28.459999084472656,2.56
2022-10-26,529.6882934570312,27.280000686645508,2.56
2022-10-27,568.0510864257812,27.389999389648438,2.56
2022-10-28,621.5479736328125,25.75,2.56
2022-10-31,671.1732177734375,25.8799991607666,2.56
2022-11-01,587.7604370117188,25.809999465942383,3.78
2022-11-02,579.8416137695312,25.860000610351562,3.78
2022-11-03,562.0679321289062,25.299999237060547,3.78
2022-11-04,434.66119384765625,24.549999237060547,3.78
2022-11-07,427.9740905761719,24.350000381469727,3.78
2022-11-08,429.0299072265625,25.540000915527344,3.78
2022-11-09,480.7669982910156,26.09000015258789,3.78
2022-11-10,396.29833984375,23.530000686645508,3.78
2022-11-11,343.153564453125,22.520000457763672,3.78
2022-11-14,336.1145324707031,23.729999542236328,3.78
2022-11-15,284.9054870605469,24.540000915527344,3.78
2022-11-16,301.9751892089844,24.110000610351562,3.78
2022-11-17,281.2099609375,23.93000030517578,3.78
2022-11-18,307.4303894042969,23.1200008392334,3.78
2022-11-21,321.86041259765625,22.360000610351562,3.78
2022-11-22,331.715087890625,21.290000915527344,3.78
2022-11-23,319.2207946777344,20.350000381469727,3.78
2022-11-25,335.7625732421875,20.5,3.78
2022-11-28,326.7877502441406,22.209999084472656,3.78
2022-11-29,278.39434814453125,21.889999389648438,3.78
2022-11-30,241.08740234375,20.579999923706055,3.78
2022-12-01,247.24655151367188,19.84000015258789,4.1
2022-12-02,226.83328247070312,19.059999465942383,4.1
2022-12-05,228.76902770996094,20.75,4.1
2022-12-06,220.32220458984375,22.170000076293945,4.1
2022-12-07,234.4002685546875,22.68000030517578,4.1
2022-12-08,211.5233917236328,22.290000915527344,4.1
2022-12-09,215.3948516845703,22.829999923706055,4.1
2022-12-12,222.25794982910156,25.0,4.1
2022-12-13,215.04286193847656,22.549999237060547,4.1
2022-12-14,211.17141723632812,21.139999389648438,4.1
2022-12-15,225.60145568847656,22.829999923706055,4.1
2022-12-16,224.1936798095703,22.6200008392334,4.1
2022-12-19,228.24110412597656,22.420000076293945,4.1
2022-12-20,238.79965209960938,21.479999542236328,4.1
2022-12-21,220.1461944580078,20.06999969482422,4.1
2022-12-22,222.96182250976562,21.969999313354492,4.1
2022-12-23,226.83328247070312,20.8700008392334,4.1
2022-12-27,194.9816131591797,21.649999618530273,4.1
2022-12-28,212.7552032470703,22.139999389648438,4.1
2022-12-29,195.86151123046875,21.440000534057617,4.1
2022-12-30,209.2356414794922,21.670000076293945,4.1
2023-01-03,187.94256591796875,22.899999618530273,4.1
2023-01-04,151.69146728515625,22.010000228881836,4.1
2023-01-05,152.5713653564453,22.459999084472656,4.1
2023-01-06,150.81155395507812,21.1299991607666,4.1
2023-01-09,150.9875946044922,21.969999313354492,4.1
2023-01-10,145.88426208496094,20.579999923706055,4.1
2023-01-11,141.48484802246094,21.09000015258789,4.1
2023-01-12,145.00439453125,18.829999923706055,4.1
2023-01-13,139.72511291503906,18.350000381469727,4.1
2023-01-17,148.1719512939453,19.360000610351562,4.1
2023-01-18,152.74732971191406,20.34000015258789,4.1
2023-01-19,143.42059326171875,20.520000457763672,4.1
2023-01-20,133.0380096435547,19.850000381469727,4.1
2023-01-23,128.8145751953125,19.809999465942383,4.1
2023-01-24,129.34249877929688,19.200000762939453,4.1
2023-01-25,128.4626007080078,19.079999923706055,4.1
2023-01-26,123.71127319335938,18.729999542236328,4.1
2023-01-27,124.59115600585938,18.510000228881836,4.1
2023-01-30,138.3172607421875,19.940000534057617,4.1
2023-01-31,140.9569091796875,19.399999618530273,4.1
2023-02-01,131.45420837402344,17.8700008392334,4.57
2023-02-02,139.37313842773438,18.729999542236328,4.57
2023-02-03,149.5797576904297,18.329999923706055,4.57
2023-02-06,156.6188201904297,19.43000030517578,4.57
2023-02-07,152.92333984375,18.65999984741211,4.57
2023-02-08,159.08248901367188,19.6299991607666,4.57
2023-02-09,150.10769653320312,20.709999084472656,4.57
2023-02-10,163.4818878173828,20.530000686645508,4.57
2023-02-13,155.38699340820312,20.34000015258789,4.57
2023-02-14,159.6103973388672,18.90999984741211,4.57
2023-02-15,163.65785217285156,18.229999542236328,4.57
2023-02-16,163.305908203125,20.170000076293945,4.57
2023-02-17,173.86447143554688,20.020000457763672,4.57
2023-02-21,179.49569702148438,22.8700008392334,4.57
2023-02-22,183.89512634277344,22.290000915527344,4.57
2023-02-23,187.41461181640625,21.139999389648438,4.57
2023-02-24,205.0122528076172,21.670000076293945,4.57
2023-02-27,196.389404296875,20.950000762939453,4.57
2023-02-28,203.9564208984375,20.700000762939453,4.57
2023-03-01,178.79177856445312,20.579999923706055,4.65
2023-03-02,169.11309814453125,19.59000015258789,4.65
2023-03-03,169.46507263183594,18.489999771118164,4.65
2023-03-06,175.2722930908203,18.610000610351562,4.65
2023-03-07,184.9509735107422,19.59000015258789,4.65
2023-03-08,190.7582244873047,19.110000610351562,4.65
2023-03-09,212.7552032470703,22.610000610351562,4.65
2023-03-10,212.93118286132812,24.799999237060547,4.65
2023-03-13,209.05972290039062,26.520000457763672,4.65
2023-03-14,205.188232421875,23.729999542236328,4.65
2023-03-15,212.93118286132812,26.139999389648438,4.65
2023-03-16,205.3642120361328,22.989999771118164,4.65
2023-03-17,207.47593688964844,25.510000228881836,4.65
2023-03-20,208.00384521484375,24.149999618530273,4.65
2023-03-21,199.05018615722656,21.3799991607666,4.65
2023-03-22,197.8016357421875,22.260000228881836,4.65
2023-03-23,179.78724670410156,22.610000610351562,4.65
2023-03-24,181.214111328125,21.739999771118164,4.65
2023-03-27,192.27249145507812,20.600000381469727,4.65
2023-03-28,169.6206817626953,19.969999313354492,4.65
2023-03-29,168.90725708007812,19.1200008392334,4.65
2023-03-30,160.5242919921875,19.020000457763672,4.65
2023-03-31,166.4102325439453,18.700000762939453,4.65
2023-04-03,169.26400756835938,18.549999237060547,4.65
2023-04-04,171.2259521484375,19.0,4.65
2023-04-05,177.82528686523438,19.079999923706055,4.65
2023-04-06,171.2259521484375,18.399999618530273,4.65
2023-04-10,173.1879119873047,18.969999313354492,4.65
2023-04-11,172.2960968017578,19.100000381469727,4.65
2023-04-12,187.2783966064453,19.09000015258789,4.65
2023-04-13,174.25807189941406,17.799999237060547,4.65
2023-04-14,180.50070190429688,17.06999969482422,4.65
2023-04-17,166.76693725585938,16.950000762939453,4.65
2023-04-18,168.19384765625,16.829999923706055,4.65
2023-04-19,174.07969665527344,16.459999084472656,4.65
2023-04-20,177.6469268798828,17.170000076293945,4.65
2023-04-21,185.67315673828125,16.770000457763672,4.65
2023-04-24,191.73739624023438,16.889999389648438,4.65
2023-04-25,208.1465301513672,18.760000228881836,4.65
2023-04-26,198.15835571289062,18.84000015258789,4.65
2023-04-27,188.7052764892578,17.030000686645508,4.65
2023-04-28,187.2783966064453,15.779999732971191,4.65
2023-05-01,189.06199645996094,16.079999923706055,5.06
2023-05-02,200.83375549316406,17.780000686645508,5.06
2023-05-03,202.6173858642578,18.34000015258789,5.06
2023-05-04,186.7432861328125,20.09000015258789,5.06
2023-05-05,179.25216674804688,17.190000534057617,5.06
2023-05-08,175.32826232910156,16.979999542236328,5.06
2023-05-09,184.06790161132812,17.709999084472656,5.06
2023-05-10,187.99185180664062,16.940000534057617,5.06
2023-05-11,181.7492218017578,16.93000030517578,5.06
2023-05-12,196.19639587402344,17.030000686645508,5.06
2023-05-15,170.69085693359375,17.1200008392334,5.06
2023-05-16,175.14988708496094,17.989999771118164,5.06
2023-05-17,180.67906188964844,16.8700008392334,5.06
2023-05-18,187.81344604492188,16.049999237060547,5.06
2023-05-19,191.5590057373047,16.809999465942383,5.06
2023-05-22,182.64102172851562,17.209999084472656,5.06
2023-05-23,199.22853088378906,18.530000686645508,5.06
2023-05-24,211.17869567871094,20.030000686645508,5.06
2023-05-25,224.5557098388672,19.139999389648438,5.06
2023-05-26,213.49734497070312,17.950000762939453,5.06
2023-05-30,232.76028442382812,17.459999084472656,5.06
2023-05-31,235.07896423339844,17.940000534057617,5.06
2023-06-01,215.994384765625,15.649999618530273,5.08
2023-06-02,198.3367462158203,14.600000381469727,5.08
2023-06-05,199.58523559570312,14.729999542236328,5.08
2023-06-06,185.8514862060547,13.960000038146973,5.08
2023-06-07,192.27249145507812,13.9399995803833,5.08
2023-06-08,186.02987670898438,13.649999618530273,5.08
2023-06-09,186.3865966796875,13.829999923706055,5.08
2023-06-12,187.45675659179688,15.010000228881836,5.08
2023-06-13,180.85739135742188,14.609999656677246,5.08
2023-06-14,173.72299194335938,13.880000114440918,5.08
2023-06-15,163.02139282226562,14.5,5.08
2023-06-16,165.34005737304688,13.539999961853027,5.08
2023-06-20,186.7432861328125,13.880000114440918,5.08
2023-06-21,189.97850036621094,13.199999809265137,5.08
2023-06-22,192.85427856445312,12.90999984741211,5.08
2023-06-23,204.177490234375,13.4399995803833,5.08
2023-06-26,200.403076171875,14.25,5.08
2023-06-27,188.5406494140625,13.739999771118164,5.08
2023-06-28,192.13534545898438,13.430000305175781,5.08
2023-06-29,201.84092712402344,13.539999961853027,5.08
2023-06-30,196.9881134033203,13.59000015258789,5.08
2023-07-03,185.305419921875,13.569999694824219,5.08
2023-07-05,192.13534545898438,14.180000305175781,5.08
2023-07-06,208.67080688476562,15.4399995803833,5.08
2023-07-07,195.37051391601562,14.829999923706055,5.08
2023-07-10,196.08946228027344,15.069999694824219,5.08
2023-07-11,191.77584838867188,14.84000015258789,5.08
2023-07-12,175.24034118652344,13.539999961853027,5.08
2023-07-13,163.5576629638672,13.609999656677246,5.08
2023-07-14,172.005126953125,13.34000015258789,5.08
2023-07-17,174.8809051513672,13.479999542236328,5.08
2023-07-18,186.5635528564453,13.300000190734863,5.08
2023-07-19,182.9689178466797,13.760000228881836,5.08
2023-07-20,185.305419921875,13.989999771118164,5.08
2023-07-21,184.94595336914062,13.600000381469727,5.08
2023-07-24,172.90379333496094,13.90999984741211,5.08
2023-07-25,167.33206176757812,13.859999656677246,5.08
2023-07-26,160.3224334716797,13.1899995803833,5.08
2023-07-27,167.15234375,14.40999984741211,5.08
2023-07-28,140.55172729492188,13.329999923706055,5.08
2023-07-31,134.98001098632812,13.630000114440918,5.08
2023-08-01,144.8653564453125,13.930000305175781,5.33
2023-08-02,158.52513122558594,16.09000015258789,5.33
2023-08-03,146.30322265625,15.920000076293945,5.33
2023-08-04,151.87498474121094,17.100000381469727,5.33
2023-08-07,154.03176879882812,15.770000457763672,5.33
2023-08-08,163.01844787597656,15.989999771118164,5.33
2023-08-09,161.04136657714844,15.960000038146973,5.33
2023-08-10,157.08721923828125,15.850000381469727,5.33
2023-08-11,171.46597290039062,14.84000015258789,5.33
2023-08-14,177.21742248535156,14.819999694824219,5.33
2023-08-15,185.8446502685547,16.459999084472656,5.33
2023-08-16,197.16786193847656,16.780000686645508,5.33
2023-08-17,193.21371459960938,17.889999389648438,5.33
2023-08-18,207.59243774414062,17.299999237060547,5.33
2023-08-21,209.03028869628906,17.1299991607666,5.33
2023-08-22,209.03028869628906,16.969999313354492,5.33
2023-08-23,195.72998046875,15.979999542236328,5.33
2023-08-24,193.9326171875,17.200000762939453,5.33
2023-08-25,194.65162658691406,15.680000305175781,5.33
2023-08-28,181.17156982421875,15.079999923706055,5.33
2023-08-29,170.2078094482422,14.449999809265137,5.33
2023-08-30,173.44297790527344,13.880000114440918,5.33
2023-08-31,180.9918212890625,13.569999694824219,5.33
2023-09-01,168.7699432373047,13.09000015258789,5.33
2023-09-05,175.42007446289062,14.010000228881836,5.33
2023-09-06,174.8809051513672,14.449999809265137,5.33
2023-09-07,189.2595672607422,14.399999618530273,5.33
2023-09-08,190.51771545410156,13.84000015258789,5.33
2023-09-11,182.9689178466797,13.800000190734863,5.33
2023-09-12,182.4296875,14.229999542236328,5.33
2023-09-13,186.7432861328125,13.479999542236328,5.33
2023-09-14,182.4296875,12.819999694824219,5.33
2023-09-15,184.5864715576172,13.789999961853027,5.33
2023-09-18,187.102783203125,14.0,5.33
2023-09-19,189.0970916748047,14.109999656677246,5.33
2023-09-20,193.26699829101562,15.140000343322754,5.33
2023-09-21,205.77679443359375,17.540000915527344,5.33
2023-09-22,184.38323974609375,17.200000762939453,5.33
2023-09-25,192.90443420410156,16.899999618530273,5.33
2023-09-26,201.06295776367188,18.940000534057617,5.33
2023-09-27,200.1564483642578,18.219999313354492,5.33
2023-09-28,203.2385711669922,17.34000015258789,5.33
2023-09-29,197.61822509765625,17.520000457763672,5.33
2023-10-02,200.88165283203125,17.610000610351562,5.33
2023-10-03,215.74835205078125,19.780000686645508,5.33
2023-10-04,221.18736267089844,18.579999923706055,5.33
2023-10-05,217.3800811767578,18.489999771118164,5.33
2023-10-06,203.96377563476562,17.450000762939453,5.33
2023-10-09,203.78244018554688,17.700000762939453,5.33
2023-10-10,189.45970153808594,17.030000686645508,5.33
2023-10-11,184.38323974609375,16.09000015258789,5.33
2023-10-12,192.17919921875,16.690000534057617,5.33
2023-10-13,197.799560546875,19.31999969482422,5.33
2023-10-16,193.81092834472656,17.209999084472656,5.33
2023-10-17,198.5247344970703,17.8799991607666,5.33
2023-10-18,207.952392578125,19.219999313354492,5.33
2023-10-19,218.64918518066406,21.399999618530273,5.33
2023-10-20,232.97195434570312,21.709999084472656,5.33
2023-10-23,226.98902893066406,20.3700008392334,5.33
2023-10-24,206.32070922851562,18.969999313354492,5.33
2023-10-25,217.3800811767578,20.190000534057617,5.33
2023-10-26,217.0174560546875,20.68000030517578,5.33
2023-10-27,215.92965698242188,21.270000457763672,5.33
2023-10-30,209.0402069091797,19.75,5.33
2023-10-31,217.74266052246094,18.139999389648438,5.33
2023-11-01,219.73695373535156,16.8700008392334,5.33
2023-11-02,213.75405883789062,15.65999984741211,5.33
2023-11-03,198.70603942871094,14.90999984741211,5.33
2023-11-06,197.4369354248047,14.890000343322754,5.33
2023-11-07,198.8873291015625,14.8100004196167,5.33
2023-11-08,203.60118103027344,14.449999809265137,5.33
2023-11-09,212.48492431640625,15.289999961853027,5.33
2023-11-10,214.2979278564453,14.170000076293945,5.33
2023-11-13,206.32070922851562,14.760000228881836,5.33
2023-11-14,193.4483184814453,14.15999984741211,5.33
2023-11-15,179.85072326660156,14.180000305175781,5.33
2023-11-16,199.97515869140625,14.319999694824219,5.33
2023-11-17,201.42555236816406,13.800000190734863,5.33
2023-11-20,188.3718719482422,13.40999984741211,5.33
2023-11-21,199.0686492919922,13.350000381469727,5.33
2023-11-22,196.89305114746094,12.850000381469727,5.33
2023-11-24,195.8052215576172,12.460000038146973,5.33
2023-11-27,202.8759765625,12.6899995803833,5.33
2023-11-28,210.309326171875,12.6899995803833,5.33
2023-11-29,226.4451446533203,12.979999542236328,5.33
2023-11-30,224.2694854736328,12.920000076293945,5.33
2023-12-01,231.88417053222656,12.630000114440918,5.33
2023-12-04,247.6573486328125,13.079999923706055,5.33
2023-12-05,259.62322998046875,12.850000381469727,5.33
2023-12-06,259.0792541503906,12.970000267028809,5.33
2023-12-07,257.62890625,13.0600004196167,5.33
2023-12-08,266.875244140625,12.350000381469727,5.33
2023-12-11,265.0622863769531,12.630000114440918,5.33
2023-12-12,259.9858093261719,12.069999694824219,5.33
2023-12-13,263.0679626464844,12.1899995803833,5.33
2023-12-14,253.09640502929688,12.479999542236328,5.33
2023-12-15,254.54684448242188,12.279999732971191,5.33
2023-12-18,262.34271240234375,12.5600004196167,5.33
2023-12-19,252.00856018066406,12.529999732971191,5.33
2023-12-20,272.85821533203125,13.670000076293945,5.33
2023-12-21,245.9566650390625,13.649999618530273,5.33
2023-12-22,266.08709716796875,13.029999732971191,5.33
2023-12-26,259.1329345703125,12.989999771118164,5.33
2023-12-27,257.6689453125,12.430000305175781,5.33
2023-12-28,239.3686065673828,12.470000267028809,5.33
2023-12-29,234.24444580078125,12.449999809265137,5.33
2024-01-02,256.9369201660156,13.199999809265137,5.33
2024-01-03,243.39463806152344,14.039999961853027,5.33
2024-01-04,253.27679443359375,14.130000114440918,5.33
2024-01-05,257.4858703613281,13.350000381469727,5.33
2024-01-08,267.55108642578125,13.079999923706055,5.33
2024-01-09,283.472412109375,12.760000228881836,5.33
2024-01-10,283.6554260253906,12.6899995803833,5.33
2024-01-11,271.2112121582031,12.4399995803833,5.33
2024-01-12,274.13922119140625,12.699999809265137,5.33
2024-01-16,300.6747131347656,13.84000015258789,5.33
2024-01-17,324.09918212890625,14.789999961853027,5.33
2024-01-18,320.4391174316406,14.130000114440918,5.33
2024-01-19,314.5829772949219,13.300000190734863,5.33
2024-01-22,337.8244323730469,13.1899995803833,5.33
2024-01-23,292.4395751953125,12.550000190734863,5.33
2024-01-24,268.10015869140625,13.140000343322754,5.33
2024-01-25,266.27008056640625,13.449999809265137,5.33
2024-01-26,273.0411682128906,13.260000228881836,5.33
2024-01-29,283.83843994140625,13.600000381469727,5.33
2024-01-30,297.1976623535156,13.3100004196167,5.33
2024-01-31,303.6027526855469,14.350000381469727,5.33
2024-02-01,300.49176025390625,13.880000114440918,5.33
2024-02-02,319.5240783691406,13.850000381469727,5.33
2024-02-05,299.7597351074219,13.670000076293945,5.33
2024-02-06,248.33570861816406,13.0600004196167,5.33
2024-02-07,264.25701904296875,12.829999923706055,5.33
2024-02-08,282.0084228515625,12.789999961853027,5.33
2024-02-09,273.5902099609375,12.930000305175781,5.33
2024-02-12,260.4139709472656,13.930000305175781,5.33
2024-02-13,278.53131103515625,15.850000381469727,5.33
2024-02-14,261.511962890625,14.380000114440918,5.33
2024-02-15,258.0349426269531,14.010000228881836,5.33
2024-02-16,246.87168884277344,14.239999771118164,5.33
2024-02-20,252.17881774902344,15.420000076293945,5.33
2024-02-21,232.0484161376953,15.34000015258789,5.33
2024-02-22,221.25123596191406,14.539999961853027,5.33
2024-02-23,216.49310302734375,13.75,5.33
2024-02-26,221.43421936035156,13.739999771118164,5.33
2024-02-27,210.82000732421875,13.430000305175781,5.33
2024-02-28,232.0484161376953,13.84000015258789,5.33
2024-02-29,234.42747497558594,13.399999618530273,5.33
2024-03-01,219.97019958496094,13.109999656677246,5.33
2024-03-04,234.0614776611328,13.489999771118164,5.33
2024-03-05,244.67568969726562,14.460000038146973,5.33
2024-03-06,228.9373779296875,14.5,5.33
2024-03-07,234.61045837402344,14.4399995803833,5.33
2024-03-08,232.0484161376953,14.739999771118164,5.33
2024-03-11,215.76113891601562,15.220000267028809,5.33
2024-03-12,201.12086486816406,13.84000015258789,5.33
2024-03-13,199.29080200195312,13.75,5.33
2024-03-14,211.0030059814453,14.399999618530273,5.33
2024-03-15,215.2120819091797,14.40999984741211,5.33
2024-03-18,213.9310760498047,14.329999923706055,5.33
2024-03-19,218.28570556640625,13.819999694824219,5.33
2024-03-20,212.01206970214844,13.039999961853027,5.33
2024-03-21,214.9644012451172,12.920000076293945,5.33
2024-03-22,224.3748321533203,13.0600004196167,5.33
2024-03-25,223.45223999023438,13.1899995803833,5.33
2024-03-26,220.13092041015625,13.239999771118164,5.33
2024-03-27,221.42254638671875,12.779999732971191,5.33
2024-03-28,214.41082763671875,13.010000228881836,5.33
2024-04-01,205.92295837402344,13.649999618530273,5.33
2024-04-02,201.12547302246094,14.609999656677246,5.33
2024-04-03,204.4468231201172,14.329999923706055,5.33
2024-04-04,208.13719177246094,16.350000381469727,5.33
2024-04-05,211.27403259277344,16.030000686645508,5.33
2024-04-08,207.03005981445312,15.1899995803833,5.33
2024-04-09,201.30999755859375,14.979999542236328,5.33
2024-04-10,204.63134765625,15.800000190734863,5.33
2024-04-11,199.6493377685547,14.90999984741211,5.33
2024-04-12,219.39283752441406,17.309999465942383,5.33
2024-04-15,217.732177734375,19.229999542236328,5.33
2024-04-16,224.743896484375,18.399999618530273,5.33
2024-04-17,226.0355224609375,18.209999084472656,5.33
2024-04-18,213.6727752685547,18.0,5.33
2024-04-19,215.3334197998047,18.709999084472656,5.33
2024-04-22,205.3694305419922,16.940000534057617,5.33
2024-04-23,195.58990478515625,15.6899995803833,5.33
2024-04-24,185.2568817138672,15.970000267028809,5.33
2024-04-25,181.38197326660156,15.369999885559082,5.33
2024-04-26,172.34056091308594,15.029999732971191,5.33
2024-04-29,167.72756958007812,14.670000076293945,5.33
2024-04-30,178.42965698242188,15.649999618530273,5.33
2024-05-01,175.4773712158203,15.390000343322754,5.33
2024-05-02,146.69244384765625,14.680000305175781,5.33
2024-05-03,142.63302612304688,13.489999771118164,5.33
2024-05-06,143.37109375,13.489999771118164,5.33
2024-05-07,148.90663146972656,13.229999542236328,5.33
2024-05-08,150.93638610839844,13.0,5.33
2024-05-09,141.52590942382812,12.6899995803833,5.33
2024-05-10,136.1748809814453,12.550000190734863,5.33
2024-05-13,127.31796264648438,13.600000381469727,5.33
2024-05-14,131.93093872070312,13.420000076293945,5.33
2024-05-15,127.50247192382812,12.449999809265137,5.33
2024-05-16,116.61587524414062,12.420000076293945,5.33
2024-05-17,114.58616638183594,11.989999771118164,5.33
2024-05-20,117.90750122070312,12.149999618530273,5.33
2024-05-21,123.44307708740234,11.859999656677246,5.33
2024-05-22,128.79412841796875,12.289999961853027,5.33
2024-05-23,136.72840881347656,12.770000457763672,5.33
2024-05-24,137.4665069580078,11.930000305175781,5.33
2024-05-28,137.65101623535156,12.920000076293945,5.33
2024-05-29,144.47821044921875,14.279999732971191,5.33
2024-05-30,144.47821044921875,14.470000267028809,5.33
2024-05-31,152.4125213623047,12.920000076293945,5.33
2024-06-03,150.5673370361328,13.109999656677246,5.33
2024-06-04,147.24598693847656,13.15999984741211,5.33
2024-06-05,143.7401123046875,12.630000114440918,5.33
2024-06-06,143.7401123046875,12.579999923706055,5.33
2024-06-07,153.70411682128906,12.220000267028809,5.33
2024-06-10,150.3828125,12.739999771118164,5.33
2024-06-11,154.07318115234375,12.850000381469727,5.33
2024-06-12,154.811279296875,12.039999961853027,5.33
2024-06-13,155.54934692382812,11.9399995803833,5.33
2024-06-14,159.7932586669922,12.65999984741211,5.33
2024-06-17,154.07318115234375,12.75,5.33
2024-06-18,152.7815399169922,12.300000190734863,5.33
2024-06-20,147.61505126953125,13.279999732971191,5.33
2024-06-21,154.62673950195312,13.199999809265137,5.33
2024-06-24,150.1982879638672,13.329999923706055,5.33
2024-06-25,153.8671417236328,12.84000015258789,5.33
2024-06-26,154.24151611328125,12.550000190734863,5.33
2024-06-27,164.34957885742188,12.239999771118164,5.33
2024-06-28,163.4136505126953,12.4399995803833,5.33
2024-07-01,161.3546142578125,12.220000267028809,5.33
2024-07-02,154.61590576171875,12.029999732971191,5.33
2024-07-03,147.31561279296875,12.09000015258789,5.33
2024-07-05,154.4287109375,12.479999542236328,5.33
2024-07-08,158.73399353027344,12.369999885559082,5.33
2024-07-09,154.05435180664062,12.510000228881836,5.33
2024-07-10,155.73899841308594,12.850000381469727,5.33
2024-07-11,146.00531005859375,12.920000076293945,5.33
2024-07-12,141.32566833496094,12.460000038146973,5.33
2024-07-15,151.62091064453125,13.119999885559082,5.33
2024-07-16,151.05934143066406,13.1899995803833,5.33
2024-07-17,157.61085510253906,14.479999542236328,5.33
2024-07-18,161.91615295410156,15.930000305175781,5.33
2024-07-19,165.84707641601562,16.520000457763672,5.33
2024-07-22,155.36465454101562,14.90999984741211,5.33
2024-07-23,162.6649169921875,14.720000267028809,5.33
2024-07-24,167.90611267089844,18.040000915527344,5.33
2024-07-25,173.89608764648438,18.459999084472656,5.33
2024-07-26,171.46266174316406,16.389999389648438,5.33
2024-07-29,171.0883026123047,16.600000381469727,5.33
2024-07-30,176.142333984375,17.690000534057617,5.33
2024-07-31,168.4676513671875,16.360000610351562,5.33
2024-08-01,175.9551239013672,18.59000015258789,5.33
2024-08-02,178.95013427734375,23.389999389648438,5.33
2024-08-05,182.5066680908203,38.56999969482422,5.33
2024-08-06,187.37350463867188,27.709999084472656,5.33
2024-08-07,185.31443786621094,27.850000381469727,5.33
2024-08-08,172.5857696533203,23.790000915527344,5.33
2024-08-09,173.52171325683594,20.3700008392334,5.33
2024-08-12,168.84202575683594,20.709999084472656,5.33
2024-08-13,166.4086456298828,18.1200008392334,5.33
2024-08-14,176.142333984375,16.190000534057617,5.33
2024-08-15,165.47271728515625,15.229999542236328,5.33
2024-08-16,155.55181884765625,14.800000190734863,5.33
2024-08-19,151.2465362548828,14.649999618530273,5.33
2024-08-20,161.7289581298828,15.880000114440918,5.33
2024-08-21,156.67495727539062,16.270000457763672,5.33
2024-08-22,160.6058807373047,17.549999237060547,5.33
2024-08-23,152.74403381347656,15.859999656677246,5.33
2024-08-26,156.67495727539062,16.149999618530273,5.33
2024-08-27,151.9952850341797,15.430000305175781,5.33
2024-08-28,159.10836791992188,17.110000610351562,5.33
2024-08-29,155.73899841308594,15.649999618530273,5.33
2024-08-30,153.8671417236328,15.0,5.33
2024-09-03,162.10333251953125,20.719999313354492,5.33
2024-09-04,161.91615295410156,21.31999969482422,5.33
2024-09-05,164.53675842285156,19.899999618530273,5.33
2024-09-06,171.2754669189453,22.3799991607666,5.33
2024-09-09,171.0883026123047,19.450000762939453,5.33
2024-09-10,172.77296447753906,19.079999923706055,5.33
2024-09-11,167.34457397460938,17.690000534057617,5.33
2024-09-12,167.53175354003906,17.06999969482422,5.33
2024-09-13,165.0983428955078,16.559999465942383,5.33
2024-09-16,162.4777069091797,17.139999389648438,5.33
2024-09-17,156.30055236816406,17.610000610351562,5.33
2024-09-18,158.73399353027344,18.229999542236328,5.33
2024-09-19,142.44879150390625,16.329999923706055,5.33
2024-09-20,142.07440185546875,16.149999618530273,5.33
2024-09-23,133.8382110595703,15.890000343322754,5.33
2024-09-24,94.47626495361328,15.390000343322754,5.33
2024-09-25,101.48151397705078,15.40999984741211,5.33
2024-09-26,78.00444793701172,15.369999885559082,5.33
2024-09-27,75.73247528076172,16.959999084472656,5.33
2024-09-30,78.76176452636719,16.729999542236328,5.33
2024-10-01,68.91656494140625,19.260000228881836,4.83
2024-10-02,53.95939254760742,18.899999618530273,4.83
2024-10-03,57.935340881347656,20.489999771118164,4.83
2024-10-04,52.255409240722656,19.209999084472656,4.83
2024-10-07,45.250160217285156,22.639999389648438,4.83
2024-10-08,61.532630920410156,21.420000076293945,4.83
2024-10-09,63.42594528198242,20.860000610351562,4.83
2024-10-10,61.34330368041992,20.93000030517578,4.83
2024-10-11,60.396644592285156,20.459999084472656,4.83
2024-10-14,63.99394226074219,19.700000762939453,4.83
2024-10-15,73.83915710449219,20.639999389648438,4.83
2024-10-16,70.24185943603516,19.579999923706055,4.83
2024-10-17,75.35381317138672,19.110000610351562,4.83
2024-10-18,65.50858306884766,18.030000686645508,4.83
2024-10-21,68.34855651855469,18.3700008392334,4.83
2024-10-22,66.83390808105469,18.200000762939453,4.83
2024-10-23,67.40189361572266,19.239999771118164,4.83
2024-10-24,68.53790283203125,19.079999923706055,4.83
2024-10-25,68.72722625732422,20.329999923706055,4.83
2024-10-28,65.31925201416016,19.799999237060547,4.83
2024-10-29,66.64458465576172,19.34000015258789,4.83
2024-10-30,68.91656494140625,20.350000381469727,4.83
2024-10-31,69.86320495605469,23.15999984741211,4.83
2024-11-01,68.91656494140625,21.8799991607666,4.64
2024-11-04,67.9320297241211,21.979999542236328,4.64
2024-11-05,63.12302017211914,20.489999771118164,4.64
2024-11-06,68.5284194946289,16.270000457763672,4.64
2024-11-07,57.395751953125,15.199999809265137,4.64
2024-11-08,67.08003997802734,14.9399995803833,4.64
2024-11-11,67.240966796875,14.970000267028809,4.64
2024-11-12,74.84261322021484,14.710000038146973,4.64
2024-11-13,75.05089569091797,14.020000457763672,4.64
2024-11-14,77.52164459228516,14.3100004196167,4.64
2024-11-15,76.2909927368164,16.139999389648438,4.64
2024-11-18,71.94585418701172,15.579999923706055,4.64
2024-11-19,74.21781921386719,16.350000381469727,4.64
2024-11-20,73.32796478271484,17.15999984741211,4.64
2024-11-21,74.65328979492188,16.8700008392334,4.64
2024-11-22,79.8883056640625,15.239999771118164,4.64
2024-11-25,79.7178955078125,14.600000381469727,4.64
2024-11-26,81.07161712646484,14.100000381469727,4.64
2024-11-27,74.64381408691406,14.100000381469727,4.64
2024-11-29,74.9372787475586,13.510000228881836,4.64
2024-12-02,74.43555450439453,13.34000015258789,4.64
2024-12-03,73.5362319946289,13.300000190734863,4.64
2024-12-04,75.06982421875,13.449999809265137,4.64
2024-12-05,74.09476470947266,13.539999961853027,4.64
2024-12-06,71.70919036865234,12.770000457763672,4.64
2024-12-09,54.338050842285156,14.1899995803833,4.64
2024-12-10,61.220237731933594,14.180000305175781,4.64
2024-12-11,63.094627380371094,13.579999923706055,4.64
2024-12-12,63.00941848754883,13.920000076293945,4.64
2024-12-13,65.64111328125,13.8100004196167,4.64
2024-12-16,68.7745590209961,14.6899995803833,4.64
2024-12-17,65.41392517089844,15.869999885559082,4.64
2024-12-18,69.38040924072266,27.6200008392334,4.64
2024-12-19,68.15923309326172,24.09000015258789,4.64
2024-12-20,66.91911315917969,18.360000610351562,4.64
2024-12-23,64.98197937011719,16.780000686645508,4.64
2024-12-24,62.762672424316406,14.270000457763672,4.64
2024-12-26,62.217411041259766,14.729999542236328,4.64
2024-12-27,64.15931701660156,15.949999809265137,4.64
2024-12-30,66.29254150390625,17.399999618530273,4.64
2024-12-31,66.962158203125,17.350000381469727,4.64
2025-01-02,70.47288513183594,17.93000030517578,4.64
2025-01-03,67.27783966064453,16.1299991607666,4.64
2025-01-06,69.84152221679688,16.040000915527344,4.64
2025-01-07,72.2330322265625,17.81999969482422,4.64
2025-01-08,73.40008544921875,17.700000762939453,4.64
2025-01-10,79.5223388671875,19.540000915527344,4.64
2025-01-13,78.78575897216797,19.190000534057617,4.64
2025-01-14,73.30442810058594,18.709999084472656,4.64
2025-01-15,70.77899169921875,16.1200008392334,4.64
2025-01-16,70.53028106689453,16.600000381469727,4.64
2025-01-17,66.65605163574219,15.970000267028809,4.64
2025-01-21,64.52281951904297,15.0600004196167,4.64
2025-01-22,65.70899963378906,15.100000381469727,4.64
2025-01-23,65.71857452392578,15.020000457763672,4.64
2025-01-24,60.99295425415039,14.850000381469727,4.64
2025-01-27,58.92669677734375,17.899999618530273,4.64
2025-01-28,57.53962707519531,16.40999984741211,4.64
2025-01-29,57.87443161010742,16.559999465942383,4.64
2025-01-30,53.808876037597656,15.84000015258789,4.64
2025-01-31,57.23351287841797,16.43000030517578,4.64
2025-02-03,58.20924377441406,18.6200008392334,4.64
2025-02-04,54.009761810302734,17.209999084472656,4.64
2025-02-05,56.7647705078125,15.770000457763672,4.64
2025-02-06,55.04289245605469,15.5,4.64
2025-02-07,52.89053726196289,16.540000915527344,4.64
2025-02-10,48.49972915649414,15.8100004196167,4.64
2025-02-11,49.867671966552734,16.020000457763672,4.64
2025-02-12,46.031700134277344,15.890000343322754,4.64
2025-02-13,46.08909606933594,15.100000381469727,4.64
2025-02-14,42.645328521728516,14.770000457763672,4.64
2025-02-18,41.75568771362305,15.350000381469727,4.64
2025-02-19,42.73141860961914,15.270000457763672,4.64
2025-02-20,40.19642639160156,15.65999984741211,4.64
2025-02-21,38.51280212402344,18.209999084472656,4.64
2025-02-24,42.3679084777832,18.979999542236328,4.64
2025-02-25,41.05736541748047,19.43000030517578,4.64
2025-02-26,37.422279357910156,19.100000381469727,4.64
2025-02-27,38.560638427734375,21.1299991607666,4.64
2025-02-28,41.38261032104492,19.6299991607666,4.64
2025-03-03,43.898475646972656,22.780000686645508,4.64
2025-03-04,41.80351257324219,23.510000228881836,4.64
2025-03-05,35.614295959472656,21.93000030517578,4.64
2025-03-06,35.32732391357422,24.8700008392334,4.64
2025-03-07,35.2412223815918,23.3700008392334,4.64
2025-03-10,38.23539352416992,27.860000610351562,4.64
2025-03-11,36.723960876464844,26.920000076293945,4.64
2025-03-12,36.934410095214844,24.229999542236328,4.64
2025-03-13,36.09259796142578,24.65999984741211,4.64
2025-03-14,33.16539764404297,21.770000457763672,4.64
2025-03-17,30.812156677246094,20.510000228881836,4.64
2025-03-18,30.888683319091797,21.700000762939453,4.64
2025-03-19,31.29045867919922,19.899999618530273,4.64
2025-03-20,34.02634048461914,19.799999237060547,4.64
2025-03-21,35.853450775146484,19.280000686645508,4.64
2025-03-24,35.57603454589844,17.479999542236328,4.64
2025-03-25,36.688541412353516,17.149999618530273,4.64
2025-03-26,36.88118362426758,18.329999923706055,4.64
2025-03-27,35.5037956237793,18.690000534057617,4.64
2025-03-28,38.18151092529297,21.649999618530273,4.64
2025-03-31,38.13335037231445,22.280000686645508,4.64
2025-04-01,38.383785247802734,21.770000457763672,4.33
2025-04-02,39.15435028076172,21.510000228881836,4.33
2025-04-03,40.17534637451172,30.020000457763672,4.33
2025-04-04,48.72861862182617,45.310001373291016,4.33
2025-04-07,60.68201446533203,46.97999954223633,4.33
2025-04-08,63.19598388671875,52.33000183105469,4.33
2025-04-09,49.98079299926758,33.619998931884766,4.33
2025-04-10,50.56834411621094,40.720001220703125,4.33
2025-04-11,44.346031188964844,37.560001373291016,4.33
2025-04-14,42.506309509277344,30.889999389648438,4.33
2025-04-15,43.257606506347656,30.1200008392334,4.33
2025-04-16,46.21464920043945,32.63999938964844,4.33
2025-04-17,46.05091094970703,29.649999618530273,4.33
2025-04-21,46.2531852722168,33.81999969482422,4.33
2025-04-22,41.84169387817383,30.56999969482422,4.33
2025-04-23,40.41614532470703,28.450000762939453,4.33
2025-04-24,39.56852722167969,26.469999313354492,4.33
2025-04-25,40.01160430908203,24.84000015258789,4.33
2025-04-28,40.02123260498047,25.149999618530273,4.33
2025-04-29,40.550994873046875,24.170000076293945,4.33
2025-04-30,40.57025909423828,24.700000762939453,4.33
2025-05-01,40.69548034667969,24.600000381469727,4.33
2025-05-02,36.82339096069336,22.68000030517578,4.33
2025-05-05,36.83302307128906,23.639999389648438,4.33
2025-05-06,35.66754150390625,24.760000228881836,4.33
2025-05-07,37.988868713378906,23.549999237060547,4.33
2025-05-08,36.38994598388672,22.479999542236328,4.33
2025-05-09,36.861915588378906,21.899999618530273,4.33
2025-05-12,33.20173263549805,18.389999389648438,4.33
2025-05-13,33.93376541137695,18.219999313354492,4.33
2025-05-14,32.411903381347656,18.6200008392334,4.33
2025-05-15,33.798919677734375,17.829999923706055,4.33
2025-05-16,34.164939880371094,17.239999771118164,4.33
2025-05-19,33.53885269165039,18.139999389648438,4.33
2025-05-20,32.46006393432617,18.09000015258789,4.33
2025-05-21,32.93203353881836,20.8700008392334,4.33
2025-05-22,33.49069595336914,20.280000686645508,4.33
2025-05-23,33.365478515625,22.290000915527344,4.33
2025-05-27,34.29978942871094,18.959999084472656,4.33
2025-05-28,35.36894989013672,19.309999465942383,4.33
2025-05-29,34.280521392822266,19.18000030517578,4.33
2025-05-30,36.24546432495117,18.56999969482422,4.33
2025-06-02,35.08961486816406,18.360000610351562,4.33
2025-06-03,33.90487289428711,17.690000534057617,4.33
2025-06-04,32.209625244140625,17.610000610351562,4.33
2025-06-05,31.47759246826172,18.479999542236328,4.33
2025-06-06,31.641334533691406,16.770000457763672,4.33
2025-06-09,30.41806411743164,17.15999984741211,4.33
2025-06-10,30.07131004333496,16.950000762939453,4.33
2025-06-11,29.570444107055664,17.260000228881836,4.33
2025-06-12,29.96535873413086,18.020000457763672,4.33
2025-06-13,31.602811813354492,20.81999969482422,4.33
2025-06-16,30.11947250366211,19.110000610351562,4.33
2025-06-17,31.121206283569336,21.600000381469727,4.33
2025-06-18,32.344478607177734,20.139999389648438,4.33
2025-06-20,33.04762268066406,20.6200008392334,4.33
2025-06-23,31.573909759521484,19.829999923706055,4.33
2025-06-24,28.96751594543457,17.479999542236328,4.33
2025-06-25,29.035491943359375,16.760000228881836,4.33
2025-06-26,28.792720794677734,16.59000015258789,4.33
2025-06-27,29.627853393554688,16.31999969482422,4.33
2025-06-30,29.75409507751465,16.729999542236328,4.33
2025-07-01,29.60843276977539,16.829999923706055,4.33
2025-07-02,29.958023071289062,16.639999389648438,4.33
2025-07-03,30.997085571289062,16.3799991607666,4.33
2025-07-07,30.958242416381836,17.790000915527344,4.33
2025-07-08,30.025999069213867,16.809999465942383,4.33
2025-07-09,31.249568939208984,15.9399995803833,4.33
2025-07-10,30.4144344329834,15.779999732971191,4.33
2025-07-11,30.52125358581543,16.399999618530273,4.33
2025-07-14,29.540454864501953,17.200000762939453,4.33
2025-07-15,27.821632385253906,17.3799991607666,4.33
2025-07-16,28.171222686767578,17.15999984741211,4.33
2025-07-17,27.879898071289062,16.520000457763672,4.33
2025-07-18,26.89910125732422,16.40999984741211,4.33
2025-07-21,26.568931579589844,16.649999618530273,4.33
2025-07-22,25.529869079589844,16.5,4.33
2025-07-23,24.84039878845215,15.369999885559082,4.33
2025-07-24,25.13172149658203,15.390000343322754,4.33
2025-07-25,25.6949520111084,14.930000305175781,4.33
2025-07-28,26.034833908081055,15.029999732971191,4.33
2025-07-29,26.578641891479492,15.979999542236328,4.33
2025-07-30,27.433198928833008,15.479999542236328,4.33
2025-07-31,28.258621215820312,16.719999313354492,4.33
2025-08-01,29.666696548461914,20.3799991607666,4.33
2025-08-04,28.210067749023438,17.520000457763672,4.33
2025-08-05,27.753658294677734,17.850000381469727,4.33
2025-08-06,27.472042083740234,16.770000457763672,4.33
2025-08-07,27.569150924682617,16.56999969482422,4.33
2025-08-08,27.724523544311523,15.149999618530273,4.33
2025-08-11,28.501392364501953,16.25,4.33
2025-08-12,27.064186096191406,14.729999542236328,4.33
2025-08-13,24.723865509033203,14.489999771118164,4.33
2025-08-14,26.180496215820312,14.829999923706055,4.33
2025-08-15,26.131942749023438,15.09000015258789,4.33
2025-08-18,25.733797073364258,14.989999771118164,4.33
2025-08-19,26.462112426757812,15.569999694824219,4.33
2025-08-20,26.015411376953125,15.6899995803833,4.33
2025-08-21,26.141653060913086,16.600000381469727,4.33
2025-08-22,24.461671829223633,14.220000267028809,4.33
2025-08-25,24.617046356201172,14.789999961853027,4.33
2025-08-26,24.451961517333984,14.619999885559082,4.33
2025-08-27,26.297027587890625,14.850000381469727,4.33
2025-08-28,25.617265701293945,14.430000305175781,4.33
2025-08-29,24.976348876953125,15.359999656677246,4.33
2025-09-02,24.40340805053711,17.170000076293945,4.33
2025-09-03,24.966638565063477,16.350000381469727,4.33
2025-09-04,26.131942749023438,15.300000190734863,4.33
2025-09-05,25.06374740600586,15.180000305175781,4.33
2025-09-08,24.014972686767578,15.109999656677246,4.33
2025-09-09,23.082731246948242,15.039999961853027,4.33
2025-09-10,23.47116470336914,15.350000381469727,4.33
2025-09-11,21.703786849975586,14.710000038146973,4.33
2025-09-12,22.101932525634766,14.760000228881836,4.33
2025-09-15,21.63581085205078,15.6899995803833,4.33
2025-09-16,21.2376651763916,16.360000610351562,4.33
2025-09-17,20.36368751525879,15.720000267028809,4.33
2025-09-18,21.09200096130371,15.699999809265137,4.33
2025-09-19,21.373619079589844,15.449999809265137,4.33
2025-09-22,21.830028533935547,16.100000381469727,4.33
2025-09-23,22.698368072509766,16.639999389648438,4.33
2025-09-24,21.97311782836914,16.18000030517578,4.33
2025-09-25,21.806507110595703,16.739999771118164,4.33
2025-09-26,22.31614112854004,15.289999961853027,4.33
2025-09-29,21.31647300720215,16.1200008392334,4.33
2025-09-30,21.061655044555664,16.280000686645508,4.33
2025-10-01,20.718629837036133,16.290000915527344,4.09
2025-10-02,20.208995819091797,16.6299991607666,4.09
2025-10-03,20.659828186035156,16.649999618530273,4.09
2025-10-06,20.69902992248535,16.3700008392334,4.09
2025-10-07,21.38507652282715,17.239999771118164,4.09
2025-10-08,21.21846580505371,16.299999237060547,4.09
2025-10-09,22.051523208618164,16.43000030517578,4.09
2025-10-10,25.658172607421875,21.65999984741211,4.09
2025-10-13,23.325611114501953,19.030000686645508,4.09
2025-10-14,23.482421875,20.809999465942383,4.09
2025-10-15,22.796375274658203,20.639999389648438,4.09
2025-10-16,22.4925537109375,25.309999465942383,4.09
2025-10-17,22.51215362548828,20.780000686645508,4.09
2025-10-20,21.718299865722656,18.229999542236328,4.09
2025-10-21,22.580760955810547,17.8700008392334,4.09
2025-10-22,22.97278594970703,18.600000381469727,4.09
2025-10-23,21.806507110595703,17.299999237060547,4.09
2025-10-24,21.56148910522461,16.3700008392334,4.09
2025-10-27,20.73823356628418,15.789999961853027,4.09
2025-10-28,21.09105682373047,16.420000076293945,4.09
2025-10-29,20.934246063232422,16.920000076293945,4.09
2025-10-30,22.169132232666016,16.90999984741211,4.09
2025-10-31,22.913982391357422,17.440000534057617,4.09
2025-11-03,22.737571716308594,17.170000076293945,4.09
2025-11-04,23.521625518798828,19.0,4.09
2025-11-05,22.864980697631836,18.010000228881836,4.09
2025-11-06,22.227933883666992,19.5,4.09
2025-11-07,22.580760955810547,19.079999923706055,4.09
2025-11-10,21.208663940429688,17.600000381469727,4.09
2025-11-11,21.228267669677734,17.280000686645508,4.09
2025-11-12,20.993051528930664,17.510000228881836,4.09
2025-11-13,21.424280166625977,20.0,4.09
2025-11-14,22.20833396911621,19.829999923706055,4.09
2025-11-17,23.021791458129883,22.3799991607666,4.09
2025-11-18,23.286409378051758,24.690000534057617,4.09
2025-11-19,24.00185775756836,23.65999984741211,4.09
2025-11-20,25.00152587890625,26.420000076293945,4.09
2025-11-21,24.785913467407227,23.43000030517578,4.09
2025-11-24,23.590229034423828,20.520000457763672,4.09
2025-11-25,23.100194931030273,18.559999465942383,4.09
2025-11-26,23.551027297973633,17.190000534057617,4.09
2025-11-28,23.25700569152832,16.350000381469727,4.09
2025-12-01,23.0707950592041,17.239999771118164,3.72
2025-12-02,23.42361831665039,16.59000015258789,3.72
2025-12-03,23.913652420043945,16.079999923706055,3.72
2025-12-04,23.71763801574707,15.779999732971191,3.72
2025-12-05,22.688568115234375,15.40999984741211,3.72
2025-12-08,23.42361831665039,16.65999984741211,3.72
2025-12-09,24.58009910583496,16.93000030517578,3.72
2025-12-10,24.090065002441406,15.770000457763672,3.72
2025-12-11,23.923452377319336,14.850000381469727,3.72
2025-12-12,24.139066696166992,15.739999771118164,3.72
2025-12-15,24.776111602783203,16.5,3.72
2025-12-16,25.501361846923828,16.479999542236328,3.72
2025-12-17,25.69737434387207,17.6200008392334,3.72
2025-12-18,25.030929565429688,16.8700008392334,3.72
2025-12-19,24.364482879638672,14.90999984741211,3.72
2025-12-22,24.23707389831543,14.079999923706055,3.72
2025-12-23,24.441329956054688,14.0,3.72
2025-12-24,24.401670455932617,13.470000267028809,3.72
2025-12-26,23.717510223388672,13.600000381469727,3.72
2025-12-29,24.540483474731445,14.199999809265137,3.72
2025-12-30,24.21327781677246,14.329999923706055,3.72
2025-12-31,24.927181243896484,14.949999809265137,3.72
2026-01-02,22.021984100341797,14.510000228881836,3.72
2026-01-05,21.843509674072266,14.899999618530273,3.72
2026-01-06,21.853425979614258,14.75,3.72
2026-01-07,22.864789962768555,15.380000114440918,3.72
2026-01-08,22.666484832763672,15.449999809265137,3.72
2026-01-09,22.8052978515625,14.489999771118164,3.72
2026-01-12,20.59417724609375,15.119999885559082,3.72
2026-01-13,21.159351348876953,15.979999542236328,3.72
2026-01-14,21.49647331237793,16.75,3.72
2026-01-15,21.52621841430664,15.84000015258789,3.72
2026-01-16,22.725975036621094,15.859999656677246,3.72
2026-01-20,23.4597110748291,20.09000015258789,3.72
2026-01-21,22.65656852722168,16.899999618530273,3.72
2026-01-22,22.448345184326172,15.640000343322754,3.72
2026-01-23,22.517751693725586,16.09000015258789,3.72
2026-01-26,22.458261489868164,16.149999618530273,3.72
2026-01-27,21.704694747924805,16.350000381469727,3.72
2026-01-28,20.822229385375977,16.350000381469727,3.72
2026-01-29,20.35620880126953,16.8799991607666,3.72
2026-01-30,22.03190040588379,17.440000534057617,3.72
2026-02-02,22.884620666503906,16.34000015258789,3.72
2026-02-03,23.638187408447266,18.0,3.72
2026-02-04,24.46116065979004,18.639999389648438,3.72
2026-02-05,24.61980628967285,21.770000457763672,3.72
2026-02-06,22.67639923095703,20.3700008392334,3.72
2026-02-09,22.41860008239746,17.360000610351562,3.72
2026-02-10,22.1905460357666,17.790000915527344,3.72
2026-02-11,22.28969955444336,17.649999618530273,3.72
2026-02-12,23.70759391784668,20.81999969482422,3.72
2026-02-13,24.25293731689453,20.600000381469727,3.72
2026-02-17,23.905902862548828,20.290000915527344,3.72
2026-02-18,23.57869529724121,19.6200008392334,3.72
2026-02-19,23.81666374206543,20.229999542236328,3.72
2026-02-20,23.4597110748291,19.09000015258789,3.72
2026-02-23,23.737340927124023,21.010000228881836,3.72
2026-02-24,24.31243133544922,19.549999237060547,3.72
2026-02-25,24.183530807495117,17.93000030517578,3.72
2026-02-26,26.146770477294922,18.6299991607666,3.72
2026-02-27,26.37482452392578,19.860000610351562,3.72
2026-03-02,27.247373580932617,21.440000534057617,3.72
2026-03-03,29.091629028320312,23.56999969482422,3.72
2026-03-04,28.78425407409668,21.149999618530273,3.72
2026-03-05,30.301300048828125,23.75,3.72
2026-03-06,29.656803131103516,29.489999771118164,3.72
2026-03-09,28.119924545288086,25.5,3.72
2026-03-10,27.862125396728516,24.93000030517578,3.72
2026-03-11,28.29840087890625,24.229999542236328,3.72
2026-03-12,28.8437442779541,27.290000915527344,3.72
2026-03-13,28.67518424987793,27.190000534057617,3.72
2026-03-16,27.217628479003906,23.510000228881836,3.72
2026-03-17,27.227542877197266,22.3700008392334,3.72
2026-03-18,28.69501495361328,25.09000015258789,3.72
2026-03-19,28.744590759277344,24.059999465942383,3.72
2026-03-20,31.203596115112305,26.780000686645508,3.72
2026-03-23,30.687999725341797,26.149999618530273,3.72
2026-03-24,30.75,26.950000762939453,3.72
2026-03-25,29.1200008392334,25.329999923706055,3.72
2026-03-26,31.65999984741211,27.440000534057617,3.72
2026-03-27,31.979999542236328,31.049999237060547,3.72
2026-03-30,31.56999969482422,30.610000610351562,3.72
2026-03-31,29.139999389648438,25.25,3.72
2026-04-01,29.920000076293945,24.540000915527344,3.64
2026-04-02,30.0,23.8700008392334,3.64
2026-04-06,30.06999969482422,24.170000076293945,3.64
2026-04-07,30.25,25.780000686645508,3.64
2026-04-08,27.989999771118164,21.040000915527344,3.64
2026-04-09,28.170000076293945,19.489999771118164,3.64
2026-04-10,28.3700008392334,19.229999542236328,3.64
2026-04-13,27.84000015258789,19.1200008392334,3.64
2026-04-14,26.84000015258789,18.360000610351562,3.64
2026-04-15,26.8799991607666,18.170000076293945,3.64
2026-04-16,26.15999984741211,17.940000534057617,3.64
2026-04-17,25.420000076293945,17.479999542236328,3.64
2026-04-20,25.309999465942383,18.8700008392334,3.64
2026-04-21,26.3700008392334,19.5,3.64
2026-04-22,26.690000534057617,18.920000076293945,3.64
2026-04-23,27.709999084472656,19.309999465942383,3.64
2026-04-24,26.90999984741211,18.709999084472656,3.64
2026-04-27,27.850000381469727,18.020000457763672,3.64
2026-04-28,28.309999465942383,17.829999923706055,3.64
2026-04-29,28.040000915527344,18.809999465942383,3.64
2026-04-30,27.18000030517578,16.889999389648438,3.64
2026-05-01,27.079999923706055,16.989999771118164,3.63
2026-05-04,27.649999618530273,18.290000915527344,3.63
2026-05-05,27.809999465942383,17.3799991607666,3.63
2026-05-06,25.579999923706055,17.389999389648438,3.63
2026-05-07,26.170000076293945,17.079999923706055,3.63
2026-05-08,26.059999465942383,17.190000534057617,3.63
2026-05-11,25.649999618530273,18.3799991607666,3.63
2026-05-12,25.93000030517578,17.989999771118164,3.63
2026-05-13,24.010000228881836,17.8700008392334,3.63
2026-05-14,25.8799991607666,17.260000228881836,3.63
2026-05-15,28.040000915527344,18.43000030517578,3.63
2026-05-18,28.190000534057617,17.81999969482422,3.63
2026-05-19,27.920000076293945,18.059999465942383,3.63
2026-05-20,28.020000457763672,17.440000534057617,3.63
2026-05-21,28.90999984741211,16.760000228881836,3.63
2026-05-22,29.790000915527344,16.700000762939453,3.63
2026-05-26,29.229999542236328,17.010000228881836,3.63
2026-05-27,30.239999771118164,16.290000915527344,3.63
2026-05-28,31.110000610351562,15.739999771118164,3.63
2026-05-29,31.049999237060547,15.319999694824219,3.63
